Time,Position_X,Position_Y,Position_Z
4.9439e-05,5.5618875e-05,4.44951e-05,2.5
0.15346785,0.17263608,0.13807228,2.5
0.273438891,0.30753252,0.24581912,2.5
0.374209191,0.42076433,0.33608133,2.5
0.470378832,0.52873725,0.42193735,2.5
0.56650185,0.63654786,0.5074009,2.5
0.665293217,0.7472132,0.5947965,2.5
0.767067161,0.86104774,0.68428355,2.5
0.86590972,0.9714117,0.7705833,2.5
0.967768351,1.0849197,0.85880685,2.5
1.06727909,1.1955669,0.9442229,2.5
1.171254623,1.3108934,1.0325713,2.5
1.267513489,1.4173772,1.1134691,2.5
1.365451022,1.5254147,1.1948245,2.5
1.503940531,1.677619,1.3080893,2.5
1.613586211,1.7976124,1.3961718,2.5
1.718518795,1.9119933,1.4790552,2.5
1.831285623,2.034385,1.5664904,2.5
1.93780147,2.1494582,1.6474342,2.5
2.038786111,2.2580495,1.7226226,2.5
2.136368438,2.3624902,1.7937766,2.5
2.236701678,2.4693472,1.8653333,2.5
2.425226905,2.668599,1.9951663,2.5
2.528350252,2.776697,2.0635116,2.5
2.627035994,2.8795214,2.127067,2.5
2.733597071,2.9898422,2.1935995,2.5
2.837787099,3.09697,2.2564847,2.5
2.937523119,3.19881,2.3146174,2.5
3.050655982,3.3134618,2.3780477,2.5
3.165244316,3.4286156,2.4395018,2.5
3.26632393,3.5293543,2.4913204,2.5
3.364788884,3.626707,2.5395963,2.5
3.47278135,3.7325695,2.5899944,2.5
3.589063013,3.8454616,2.6412199,2.5
3.69357301,3.9459279,2.684519,2.5
3.814938443,4.0613794,2.7314878,2.5
3.926299608,4.1661305,2.7714005,2.5
4.022339103,4.255537,2.8033397,2.5
4.131907869,4.3564587,2.836935,2.5
4.249432084,4.4633994,2.869562,2.5
4.367745805,4.5696573,2.8988051,2.5
4.47241232,4.66246,2.921632,2.5
4.58534033,4.761298,2.94303,2.5
4.704858713,4.864415,2.9619973,2.5
4.822206104,4.964139,2.9769156,2.5
4.944006452,5.06602,2.9884982,2.5
5.048179347,5.1518154,2.9952395,2.5
5.159604466,5.242192,2.9992123,2.5
5.281092624,5.33906,2.9997253,2.5
5.453455391,5.4734435,2.9936178,2.5
5.547071962,5.544904,2.986945,2.5
5.638816244,5.613876,2.9781199,2.5
5.756445972,5.7007494,2.9635057,2.5
5.856614104,5.7733297,2.948151,2.5
5.952295217,5.841441,2.930998,2.5
6.04868535,5.908841,2.9112763,2.5
6.150271919,5.9785376,2.887857,2.5
6.262686191,6.054044,2.8588166,2.5
6.375271791,6.1279397,2.8264735,2.5
6.487773235,6.200035,2.7909338,2.5
6.594256069,6.266647,2.7543664,2.5
6.697333562,6.329606,2.7162914,2.5
6.812693677,6.398273,2.6706007,2.5
6.913252677,6.456567,2.628161,2.5
7.022627423,6.518303,2.5792873,2.5
7.132552897,6.578583,2.5273695,2.5
7.240943523,6.6362686,2.4734855,2.5
7.348107472,6.6915784,2.4176402,2.5
7.463225787,6.749066,2.3548675,2.5
7.569730394,6.800461,2.2942894,2.5
7.682576648,6.8530216,2.2275496,2.5
7.803115151,6.9069963,2.1534429,2.5
7.918471576,6.9565363,2.0798843,2.5
8.037718393,7.0055575,2.0012279,2.5
8.210895714,7.0727534,1.8824666,2.5
8.333138865,7.117316,1.7955569,2.5
8.431806986,7.151539,1.7236414,2.5
8.553823159,7.1916943,1.6326259,2.5
8.659640785,7.224568,1.551919,2.5
8.772378332,7.2575893,1.4642155,2.5
8.873494131,7.285441,1.3841248,2.5
8.967267323,7.3097725,1.3087106,2.5
9.087797813,7.338922,1.2102646,2.5
9.183669898,7.3603954,1.130823,2.5
9.300506141,7.3845067,1.0327522,2.5
9.397824294,7.4028583,0.9500912,2.5
9.509185766,7.421923,0.85451245,2.5
9.62828365,7.440021,0.75124085,2.5
9.749699295,7.456026,0.6449729,2.5
9.85380443,7.4677806,0.55316997,2.5
9.961911155,7.4780593,0.45726794,2.5
10.075921606,7.486769,0.35560936,2.5
10.184266126,7.4930167,0.2586167,2.5
10.297711796,7.497438,0.15676601,2.5
10.409938917,7.4996753,0.055829376,2.5
10.525986959,7.4997535,-0.048608344,2.5
10.629788444,7.497899,-0.14197911,2.5
10.737151123,7.4940677,-0.23840657,2.5
10.849615505,7.4879704,-0.33914962,2.5
10.968467732,7.479211,-0.445193,2.5
11.074299487,7.46941,-0.5391474,2.5
11.173819875,7.458476,-0.62700295,2.5
11.268696932,7.446505,-0.710242,2.5
11.382296633,7.430188,-0.8091432,2.5
11.502031153,7.4106545,-0.91236645,2.5
11.606858485,7.3915906,-1.0017761,2.5
11.718186317,7.3693433,-1.0956438,2.5
11.827004607,7.345611,-1.186215,2.5
12.008046423,7.3017955,-1.3340515,2.5
12.105785312,7.2759,-1.4122565,2.5
12.224604096,7.242314,-1.5056858,2.5
12.323512128,7.212601,-1.5820051,2.5
12.431757353,7.178264,-1.6639307,2.5
12.538666396,7.1424932,-1.743124,2.5
12.634293461,7.108941,-1.8124423,2.5
12.743876383,7.068694,-1.89004,2.5
12.841869135,7.0310855,-1.9577034,2.5
12.950802903,6.987496,-2.030933,2.5
13.062172202,6.941003,-2.103557,2.5
13.169211025,6.8944926,-2.1711454,2.5
13.285548676,6.841926,-2.2420645,2.5
13.394556847,6.7907805,-2.3060393,2.5
13.507103176,6.7360697,-2.3695025,2.5
13.6025023,6.688191,-2.421184,2.5
13.699502354,6.638105,-2.4716997,2.5
13.801071897,6.5841527,-2.5223508,2.5
13.909443604,6.5249023,-2.5738113,2.5
14.021131491,6.462035,-2.623999,2.5
14.127470067,6.400494,-2.6690464,2.5
14.231208504,6.338887,-2.7103758,2.5
14.425184615,6.2195864,-2.7805831,2.5
14.518429446,6.1603575,-2.8109956,2.5
14.621883645,6.093235,-2.8421621,2.5
14.720969416,6.0275707,-2.8694468,2.5
14.831636324,5.9526567,-2.8969226,2.5
14.961095596,5.862942,-2.9250102,2.5
15.082673233,5.776676,-2.9473715,2.5
15.185387155,5.7022967,-2.9632092,2.5
15.283100493,5.630282,-2.9756646,2.5
15.396685831,5.545051,-2.986929,2.5
15.500172937,5.4659944,-2.994173,2.5
15.603202223,5.3859797,-2.9985185,2.5
15.72220976,5.2919545,-2.9999726,2.5
15.827954255,5.206994,-2.9980564,2.5
15.935010942,5.119645,-2.9930434,2.5
16.034199071,5.0375366,-2.9856434,2.5
16.127898477,4.9589467,-2.9762247,2.5
16.222585809,4.8785343,-2.9643178,2.5
16.3293877,4.7866526,-2.9480178,2.5
16.436951068,4.692875,-2.9285433,2.5
16.553950152,4.5894847,-2.9038987,2.5
16.671370791,4.4842997,-2.8755689,2.5
16.771265763,4.393719,-2.8486571,2.5
16.88526126,4.2891474,-2.8148227,2.5
16.983185464,4.198317,-2.783129,2.5
17.097038874,4.091572,-2.743261,2.5
17.199413049,3.9945693,-2.704679,2.5
17.318977945,3.8800893,-2.6563923,2.5
17.424864774,3.7776608,-2.6107733,2.5
17.536112944,3.6690214,-2.5600085,2.5
17.664982775,3.5418992,-2.4976423,2.5
17.784669035,3.422647,-2.4363737,2.5
17.929542804,3.2768295,-2.3580194,2.5
18.028733269,3.176094,-2.3017936,2.5
18.138334835,3.0639708,-2.2372994,2.5
18.24107406,2.9581144,-2.1746454,2.5
18.350748019,2.8443382,-2.1054845,2.5
18.462567895,2.7275438,-2.0326242,2.5
18.560219227,2.6249208,-1.9671233,2.5
18.663625591,2.5156343,-1.8959217,2.5
18.773594388,2.39875,-1.8182023,2.5
18.88388155,2.2808704,-1.7382698,2.5
18.984284744,2.173011,-1.6638433,2.5
19.095901069,2.0525296,-1.5793371,2.5
19.202055285,1.9374107,-1.4973226,2.5
19.305056708,1.8252403,-1.416291,2.5
19.421265044,1.6981654,-1.3232503,2.5
19.533797223,1.5746205,-1.2316206,2.5
19.728553977,1.3597599,-1.0697803,2.5
19.834199646,1.2427114,-0.9804269,2.5
19.965078025,1.0972776,-0.8683765,2.5
20.075555671,0.97418356,-0.7727444,2.5
20.215128143,0.81829333,-0.6507266,2.5
20.327517257,0.6925003,-0.5516336,2.5
20.425868854,0.5822551,-0.46439826,2.5
20.539918154,0.45425725,-0.3627386,2.5
20.659751318,0.3196254,-0.255468,2.5
20.756946863,0.2103517,-0.16821517,2.5
20.867092067,0.08646291,-0.06916573,2.5
20.986389508,-0.047743652,0.03819415,2.5
21.094124217,-0.16893156,0.13511096,2.5
21.201451184,-0.28961617,0.2315201,2.5
21.322661802,-0.42582256,0.34010854,2.5
21.435373629,-0.55234987,0.44067997,2.5
21.536916073,-0.66620827,0.5308598,2.5
21.650970391,-0.79390705,0.6315573,2.5
21.763282361,-0.9194303,0.72999626,2.5
21.864666031,-1.0325158,0.8181476,2.5
21.974443334,-1.154694,0.9127414,2.5
22.084606603,-1.2769855,1.0066715,2.5
22.203163536,-1.4082065,1.106529,2.5
22.30775663,-1.5236024,1.1934661,2.5
22.424739991,-1.652224,1.289307,2.5
22.547278371,-1.7864056,1.3879931,2.5
22.663449324,-1.9130614,1.4798238,2.5
22.773739015,-2.0327637,1.565341,2.5
22.889535382,-2.157846,1.6532841,2.5
23.013636288,-2.2911735,1.7453159,2.5
23.129737428,-2.4151905,1.8292286,2.5
23.230476274,-2.5222058,1.900244,2.5
23.333423201,-2.6309698,1.9710213,2.5
23.427258023,-2.7295618,2.0338988,2.5
23.519471288,-2.825924,2.09412,2.5
23.706137966,-3.0193129,2.2110717,2.5
23.807073514,-3.1229072,2.2714458,2.5
23.917743265,-3.2356696,2.3352473,2.5
24.028287222,-3.3474123,2.3964062,2.5
24.123697873,-3.4431188,2.4470758,2.5
24.222982947,-3.541962,2.4976737,2.5
24.339024314,-3.656491,2.5540006,2.5
24.472029773,-3.7864003,2.614752,2.5
24.598764887,-3.9087806,2.6687667,2.5
24.717471066,-4.022128,2.7158623,2.5
24.837125443,-4.1350923,2.7598495,2.5
24.94208776,-4.2330885,2.7955093,2.5
25.045606224,-4.328711,2.8279645,2.5
25.149467169,-4.4235992,2.8577855,2.5
25.253032333,-4.5171494,2.88476,2.5
25.382899463,-4.632915,2.9146466,2.5
25.482613425,-4.7206078,2.9345937,2.5
25.602811667,-4.8249135,2.9551473,2.5
25.707699078,-4.9146514,2.969944,2.5
25.819041706,-5.008581,2.9824338,2.5
25.922847239,-5.0948944,2.9910815,2.5
26.027073658,-5.180314,2.996846,2.5
26.216227956,-5.332091,2.9998221,2.5
26.320577561,-5.4139905,2.9973302,2.5
26.422038362,-5.492352,2.9920907,2.5
26.55431161,-5.592597,2.981099,2.5
26.664106393,-5.674136,2.968409,2.5
26.763227188,-5.746428,2.9541862,2.5
26.86588603,-5.8199606,2.9367025,2.5
26.970163978,-5.8932376,2.9160926,2.5
27.101761332,-5.983654,2.886012,2.5
27.215903404,-6.0601935,2.8562765,2.5
27.318754813,-6.1276355,2.8266149,2.5
27.421100381,-6.193303,2.794426,2.5
27.522462015,-6.2569,2.7599506,2.5
27.625369131,-6.319984,2.7223403,2.5
27.747007369,-6.392609,2.6745408,2.5
27.840153786,-6.4467874,2.6355252,2.5
27.934089404,-6.5001473,2.5940971,2.5
28.050384228,-6.5644207,2.539957,2.5
28.15408186,-6.6200485,2.4890711,2.5
28.252311128,-6.6712656,2.4386475,2.5
28.347239039,-6.719385,2.3879051,2.5
28.45288804,-6.7713366,2.329158,2.5
28.552056998,-6.818555,2.2718835,2.5
28.658105456,-6.8673797,2.2084126,2.5
28.793201369,-6.9270577,2.124329,2.5
28.901483178,-6.97284,2.0544071,2.5
29.016079655,-7.0192876,1.9780493,2.5
29.116765066,-7.058386,1.9090279,2.5
29.25145169,-7.108167,1.8139884,2.5
29.358973567,-7.1458287,1.7359818,2.5
29.464892053,-7.18111,1.6573732,2.5
29.579560956,-7.2172627,1.5703859,2.5
29.692250424,-7.250711,1.4830899,2.5
29.795807722,-7.279622,1.4013722,2.5
29.895184987,-7.305715,1.3216778,2.5
29.999573603,-7.331375,1.2367048,2.5
30.116266621,-7.357932,1.1402804,2.5
30.224190392,-7.380486,1.0498593,2.5
30.327716563,-7.400305,0.9620838,2.5
30.426784196,-7.4175987,0.8772197,2.5
30.523149024,-7.4328494,0.7939262,2.5
30.62853602,-7.4477496,0.7020777,2.5
30.728526328,-7.4601665,0.6142833,2.5
30.826783755,-7.4707336,0.52747136,2.5
30.9295167,-7.4800463,0.43621597,2.5
31.028771216,-7.4873567,0.34765533,2.5
31.129231372,-7.493066,0.25770617,2.5
31.236986993,-7.4972987,0.16096672,2.5
31.423975608,-7.4999948,-0.0072441744,2.5
31.520578084,-7.499076,-0.094172336,2.5
31.634434108,-7.4959717,-0.19651738,2.5
31.749955675,-7.4905877,-0.30012488,2.5
31.855942896,-7.4836693,-0.39486802,2.5
31.965549801,-7.474526,-0.49242395,2.5
32.072865963,-7.463616,-0.58742476,2.5
32.175255824,-7.4514036,-0.6775003,2.5
32.281276207,-7.436906,-0.77009773,2.5
32.394464835,-7.4193525,-0.86809087,2.5
32.50573781,-7.4000115,-0.9634496,2.5
32.609596558,-7.3800993,-1.0514888,2.5
32.725504148,-7.355762,-1.1485345,2.5
32.83591588,-7.330511,-1.2396861,2.5
32.940151607,-7.3048267,-1.3244947,2.5
33.053705107,-7.274816,-1.4154049,2.5
33.155031773,-7.246252,-1.4951483,2.5
33.259551513,-7.215036,-1.5759525,2.5
33.354628138,-7.185098,-1.648114,2.5
33.455998547,-7.151572,-1.7235696,2.5
33.554411683,-7.1174397,-1.795305,2.5
33.651439697,-7.08227,-1.8644961,2.5
33.757496595,-7.042113,-1.9383163,2.5
33.884098805,-6.9918423,-2.0238645,2.5
33.983487269,-6.95061,-2.0889838,2.5
34.093498716,-6.9031696,-2.158896,2.5
34.20515924,-6.853097,-2.2274501,2.5
34.308012786,-6.8052716,-2.2883883,2.5
34.426635922,-6.748103,-2.3559613,2.5
34.550417762,-6.6861715,-2.4232893,2.5
34.644568119,-6.6375194,-2.4722695,2.5
34.736071969,-6.5889683,-2.517981,2.5
34.843294398,-6.5304956,-2.569131,2.5
34.946197707,-6.4727926,-2.615719,2.5
35.056692066,-6.409116,-2.662968,2.5
35.240677846,-6.299187,-2.7351282,2.5
35.332683378,-6.242409,-2.7681017,2.5
35.444346002,-6.1719065,-2.8052847,2.5
35.552271626,-6.1021185,-2.8382316,2.5
35.662147032,-6.029425,-2.8687181,2.5
35.784384481,-5.9466295,-2.8989708,2.5
35.896322643,-5.8690557,-2.9232564,2.5
36.015101782,-5.7849345,-2.94542,2.5
36.134600715,-5.6984487,-2.963945,2.5
36.23236146,-5.6263328,-2.9762683,2.5
36.329931623,-5.553151,-2.986015,2.5
36.450410661,-5.4611487,-2.9945202,2.5
36.548562028,-5.3848753,-2.998558,2.5
36.648614508,-5.305926,-2.9999986,2.5
36.769084159,-5.2092776,-2.9981468,2.5
36.882181064,-5.116998,-2.9928448,2.5
36.982691034,-5.0337477,-2.985241,2.5
37.084530716,-4.948235,-2.974769,2.5
37.188357554,-4.859863,-2.9612346,2.5
37.294574418,-4.768236,-2.9444156,2.5
37.400098498,-4.676009,-2.9247463,2.5
37.515907768,-4.5734468,-2.8997877,2.5
37.706534036,-4.4016285,-2.8510973,2.5
37.806390155,-4.3101845,-2.8218615,2.5
37.904688081,-4.219216,-2.7906065,2.5
38.006907359,-4.123651,-2.7555325,2.5
38.106454722,-4.0296535,-2.7188857,2.5
38.205357753,-3.9353724,-2.680074,2.5
38.298607053,-3.8456855,-2.6413188,2.5
38.395539113,-3.7516613,-2.5988433,2.5
38.51900347,-3.6307492,-2.5415616,2.5
38.643611338,-3.5074604,-2.480217,2.5
38.742098574,-3.409147,-2.4292755,2.5
38.855538494,-3.2949858,-2.3679748,2.5
38.961502258,-3.1874864,-2.3082354,2.5
39.066173997,-3.0805058,-2.2469337,2.5
39.170390379,-2.9732354,-2.183697,2.5
39.286554595,-2.8528135,-2.1106992,2.5
39.39571751,-2.738858,-2.0397623,2.5
39.498761472,-2.6306195,-1.9707959,2.5
39.620099244,-2.5023565,-1.8871732,2.5
39.722219781,-2.3937626,-1.8148513,2.5
39.82319291,-2.28584,-1.7416697,2.5
39.93853993,-2.1619124,-1.6561179,2.5
40.055332601,-2.035772,-1.5674734,2.5
40.159547723,-1.9226917,-1.4867508,2.5
40.282875351,-1.7882618,-1.3893485,2.5
40.396051881,-1.6643561,-1.298286,2.5
40.500523653,-1.5495596,-1.2129008,2.5
40.623556532,-1.4138736,-1.1108183,2.5
40.739309355,-1.2857786,-1.0133942,2.5
40.831515244,-1.1834648,-0.93491054,2.5
40.932814127,-1.0707985,-0.8478629,2.5
41.051602795,-0.9383697,-0.74479693,2.5
41.15241642,-0.82574344,-0.6565787,2.5
41.267481132,-0.69696325,-0.55515784,2.5
41.368602134,-0.5836182,-0.46547887,2.5
41.499833577,-0.43632996,-0.34847274,2.5
41.59992172,-0.323873,-0.2588567,2.5
41.699546517,-0.21186858,-0.16942723,2.5
41.796361603,-0.102977976,-0.08237461,2.5
41.900903556,0.014628282,0.011702603,2.5
41.996216223,0.12185049,0.09746753,2.5
42.095591567,0.2336161,0.18680221,2.5
42.20196302,0.35318908,0.2822378,2.5
42.301235935,0.4647055,0.3710501,2.5
42.399958883,0.57550204,0.45904416,2.5
42.500080687,0.68773574,0.5478706,2.5
42.600201843,0.7998143,0.6362027,2.5
42.697448333,0.90850693,0.7214535,2.5
42.880799664,1.1128842,0.8804514,2.5
42.997452847,1.2424895,0.9802567,2.5
43.093909763,1.3493748,1.0618844,2.5
43.193266094,1.4591734,1.1450324,2.5
43.298136626,1.5747116,1.2316886,2.5
43.419667014,1.708116,1.3305814,2.5
43.525319719,1.8236308,1.4151208,2.5
43.631194301,1.9389329,1.4984146,2.5
43.740261621,2.0571954,1.5826354,2.5
43.834454437,2.1588876,1.6540103,2.5
43.928624043,2.2601285,1.7240503,2.5
44.032803154,2.3716016,1.799928,2.5
44.149234552,2.4954972,1.8826451,2.5
44.284632905,2.638618,1.9759433,2.5
44.405500295,2.765458,2.0564773,2.5
44.506612243,2.8708715,2.1217768,2.5
44.616482583,2.9846659,2.1905174,2.5
44.731131545,3.1025476,2.2597108,2.5
44.837239466,3.2108266,2.3213673,2.5
44.957487225,3.332557,2.3883975,2.5
45.083562623,3.4590144,2.4553335,2.5
45.193036214,3.567819,2.5106103,2.5
45.296281144,3.6695533,2.5602627,2.5
45.400607984,3.7714617,2.6079416,2.5
45.515462692,3.882582,2.6574745,2.5
45.626007464,3.9884443,2.70217,2.5
45.728859122,4.085958,2.7410884,2.5
45.838241371,4.1885943,2.7796133,2.5
45.948151291,4.2905874,2.8153086,2.5
46.054078055,4.387784,2.8468153,2.5
46.158918001,4.482889,2.8751674,2.5
46.274459458,4.5864224,2.9031196,2.5
46.383672893,4.6830177,2.9263349,2.5
46.495634048,4.780735,2.9468725,2.5
46.62436847,4.891425,2.9663775,2.5
46.808227663,5.046345,2.9865584,2.5
46.922231505,5.140482,2.9945118,2.5
47.024235195,5.2234383,2.9986594,2.5
47.125282682,5.304411,2.9999998,2.5
47.252353183,5.4045043,2.9977722,2.5
47.37354949,5.4981413,2.991589,2.5
47.472164476,5.572991,2.98364,2.5
47.578636795,5.6524363,2.972126,2.5
47.676724928,5.7243514,2.958835,2.5
47.784553573,5.8019767,2.9412682,2.5
47.894003376,5.879219,2.9202895,2.5
47.993764736,5.9482393,2.8984263,2.5
48.095057715,6.016961,2.8735697,2.5
48.197979395,6.085362,2.845597,2.5
48.307550081,6.1565866,2.8128374,2.5
48.404100817,6.217975,2.781448,2.5
48.508505134,6.282884,2.7448828,2.5
48.60416687,6.341007,2.7090135,2.5
48.722436144,6.411057,2.661589,2.5
48.823784815,6.469484,2.6182792,2.5
48.930141633,6.529188,2.570228,2.5
49.050521096,6.594761,2.5126865,2.5
49.235532395,6.691335,2.417895,2.5
49.355279397,6.7511024,2.35255,2.5
49.483126397,6.8125076,2.279436,2.5
49.582807182,6.858646,2.2201014,2.5
49.697642987,6.909898,2.1492867,2.5
49.817097885,6.961036,2.0729182,2.5
49.921866102,7.004049,2.0037427,2.5
50.020973526,7.043144,1.9364843,2.5
50.117898983,7.0798755,1.8690476,2.5
50.230592198,7.1206965,1.7886629,2.5
50.330915443,7.1553273,1.7153764,2.5
50.424442231,7.1861534,1.6456515,2.5
50.530567654,7.2194176,1.5649714,2.5
50.627931409,7.248326,1.4895571,2.5
50.724776876,7.2755485,1.4132786,2.5
50.821556076,7.3012176,1.3358635,2.5
50.93282471,7.328827,1.245473,2.5
51.031723332,7.3516555,1.1639581,2.5
51.150025506,7.376836,1.0651158,2.5
51.268907308,7.3997993,0.96443653,2.5
51.3727188,7.4179287,0.8755104,2.5
51.483525848,7.435294,0.77966166,2.5
51.606649796,7.452181,0.67214864,2.5
51.717392225,7.465198,0.5746628,2.5
51.81610407,7.475065,0.4872254,2.5
51.924047885,7.483979,0.3911276,2.5
52.064267559,7.492628,0.2656988,2.5
52.183811902,7.4973845,0.15838492,2.5
52.28334543,7.499506,0.06887105,2.5
52.396627062,7.499886,-0.03307478,2.5
52.496380209,7.498428,-0.12282002,2.5
52.59715414,7.49525,-0.21336848,2.5
52.720736503,7.489015,-0.32414275,2.5
52.842298366,7.480372,-0.4326653,2.5
52.966261907,7.4689965,-0.5427427,2.5
53.083088322,7.455912,-0.64579594,2.5
53.185535669,7.442554,-0.7355173,2.5
53.293629619,7.4265537,-0.82943106,2.5
53.405648628,7.4079137,-0.9258287,2.5
53.507848389,7.389082,-1.012872,2.5
53.603554568,7.3698726,-1.0935197,2.5
53.705640922,7.347707,-1.1785564,2.5
53.816342251,7.3217263,-1.2695066,2.5
53.933152996,7.292122,-1.3639618,2.5
54.047203521,7.2610583,-1.4545658,2.5
54.166223847,7.226373,-1.5473074,2.5
54.261833278,7.196842,-1.6203806,2.5
54.366848535,7.162702,-1.6991024,2.5
54.55899769,7.095637,-1.838728,2.5
54.663295153,7.0567646,-1.9119833,2.5
54.76680725,7.016476,-1.9828387,2.5
54.872971287,6.9733987,-2.0535226,2.5
54.971568291,6.9318047,-2.117309,2.5
55.062938741,6.8919086,-2.1747627,2.5
55.155368498,6.850232,-2.2312212,2.5
55.283514769,6.7902737,-2.3066504,2.5
55.395870583,6.7356424,-2.3699794,2.5
55.505250994,6.6806135,-2.4290524,2.5
55.608805048,6.626864,-2.4825647,2.5
55.713557651,6.570864,-2.5342603,2.5
55.829242716,6.5071335,-2.5884423,2.5
55.938264101,6.445283,-2.6366491,2.5
56.056036412,6.3765264,-2.6855593,2.5
56.173389158,6.3060384,-2.7309582,2.5
56.281561756,6.2393336,-2.769809,2.5
56.399721484,6.164593,-2.8089128,2.5
56.503535416,6.0973306,-2.840357,2.5
56.60795115,6.028186,-2.8692052,2.5
56.720088258,5.9522786,-2.897052,2.5
56.821465344,5.882208,-2.919405,2.5
56.921526851,5.811708,-2.9388213,2.5
57.023623781,5.73843,-2.9559019,2.5
57.151643594,5.644648,-2.9733992,2.5
57.256644488,5.566167,-2.9844792,2.5
57.384002035,5.4691267,-2.9939427,2.5
57.497218765,5.381188,-2.9986863,2.5
57.617140984,5.2863474,-2.999939,2.5
57.737852343,5.1891513,-2.9972785,2.5
57.840995785,5.10476,-2.9918916,2.5
57.947627068,5.0162234,-2.983311,2.5
58.07076279,4.9123874,-2.9696047,2.5
58.172333588,4.8254795,-2.9552488,2.5
58.272614103,4.738572,-2.938383,2.5
58.495568305,4.5415373,-2.8913832,2.5
58.604231309,4.443654,-2.8637748,2.5
58.717301105,4.3405495,-2.8318167,2.5
58.817345632,4.248276,-2.800821,2.5
58.93023305,4.1430097,-2.7628186,2.5
59.038365536,4.04107,-2.7234476,2.5
59.128904619,3.9548907,-2.688274,2.5
59.23990616,3.848244,-2.6424484,2.5
59.351389226,3.7400591,-2.5934746,2.5
59.487349554,3.6067088,-2.5298276,2.5
59.624223767,3.4709516,-2.4615047,2.5
59.756470386,3.3383949,-2.3915493,2.5
59.874600823,3.2188673,-2.3258708,2.5
59.996114472,3.09487,-2.2552688,2.5
60.103087375,2.9848516,-2.1906278,2.5
60.22695531,2.8565085,-2.1129694,2.5
60.351436605,2.7265263,-2.0319815,2.5
60.458411378,2.614072,-1.9601208,2.5
60.578941189,2.4865565,-1.8767354,2.5
60.706509,2.3507109,-1.7858105,2.5
60.806408065,2.2437327,-1.7127786,2.5
60.906655089,2.1358666,-1.6379402,2.5
61.092580909,1.934554,-1.4952722,2.5
61.193119506,1.825062,-1.4161615,2.5
61.295436181,1.7132053,-1.3343279,2.5
61.421697068,1.5746192,-1.2316197,2.5
61.517236726,1.4693751,-1.1527195,2.5
61.638962745,1.3348486,-1.0508293,2.5
61.752644246,1.2088149,-0.95440847,2.5
61.86019631,1.0892448,-0.862157,2.5
61.968436644,0.9686255,-0.76841056,2.5
62.082483921,0.84126186,-0.66876227,2.5
62.183957849,0.7277344,-0.57944036,2.5
62.297222969,0.6008139,-0.47910637,2.5
62.415280121,0.46833763,-0.3739389,2.5
62.539963952,0.32826883,-0.26236337,2.5
62.65203624,0.20227107,-0.161758,2.5
62.772723519,0.06651773,-0.05321209,2.5
62.88156467,-0.055925507,0.044739164,2.5
62.985106031,-0.17239739,0.13788147,2.5
63.096539499,-0.29769725,0.2379701,2.5
63.233087592,-0.45111847,0.36024132,2.5
63.340804982,-0.5720207,0.45628363,2.5
63.467671414,-0.7142149,0.5687753,2.5
63.583601249,-0.84392744,0.67085415,2.5
63.685132458,-0.95731896,0.7595907,2.5
63.820023064,-1.1076273,0.87638533,2.5
63.93392315,-1.2341925,0.9738935,2.5
64.041905696,-1.3538553,1.0652916,2.5
64.150255645,-1.4735556,1.1558677,2.5
64.273546667,-1.6092948,1.2574489,2.5
64.384089664,-1.7305329,1.3470689,2.5
64.49368391,-1.8502624,1.4344589,2.5
64.585451895,-1.9501259,1.5064398,2.5
64.711448639,-2.0866435,1.6034063,2.5
64.821050109,-2.2047908,1.6858959,2.5
64.940969704,-2.3333774,1.7740606,2.5
65.050182187,-2.4498212,1.8523546,2.5
65.155734326,-2.5617428,1.9261394,2.5
65.269446565,-2.681601,2.0034676,2.5
65.369853335,-2.7867792,2.0698073,2.5
65.471749579,-2.8928764,2.1352139,2.5
65.574462135,-2.9991436,2.1991277,2.5
65.699384147,-3.1274176,2.2740364,2.5
65.821484722,-3.2517385,2.344171,2.5
65.936934121,-3.3682857,2.4075942,2.5
66.06557085,-3.4969528,2.4748566,2.5
66.174583059,-3.6049657,2.5289724,2.5
66.281828493,-3.7102988,2.5795782,2.5
66.399016917,-3.8242931,2.6318183,2.5
66.596042751,-4.013272,2.7122874,2.5
66.708573044,-4.1196394,2.7540116,2.5
66.818813867,-4.222711,2.7918463,2.5
66.926059522,-4.321864,2.8257194,2.5
67.030419677,-4.4172864,2.8558772,2.5
67.135936252,-4.5126595,2.8835218,2.5
67.235013717,-4.601189,2.906851,2.5
67.357535241,-4.7092557,2.932146,2.5
67.480942574,-4.816494,2.9536197,2.5
67.601733104,-4.9198585,2.970718,2.5
67.696480988,-4.999814,2.9814017,2.5
67.815812636,-5.099072,2.991429,2.5
67.919977115,-5.184383,2.997049,2.5
68.025987334,-5.269904,2.9997635,2.5
68.132509769,-5.3544936,2.9994354,2.5
68.233059554,-5.433093,2.9963155,2.5
68.333734385,-5.510544,2.9904606,2.5
68.450811431,-5.599038,2.9802215,2.5
68.56869552,-5.6863976,2.9661975,2.5
68.66512349,-5.756531,2.9519682,2.5
68.784987863,-5.8420377,2.9308357,2.5
68.882264131,-5.9100394,2.9109,2.5
68.983304978,-5.97934,2.8875687,2.5
69.119363944,-6.0704865,2.851964,2.5
69.220623277,-6.136688,2.8223758,2.5
69.330172495,-6.2067018,2.7874393,2.5
69.446741141,-6.2793694,2.746955,2.5
69.550573523,-6.3424826,2.7080631,2.5
69.66368506,-6.409482,2.6627078,2.5
69.77172237,-6.4717507,2.6165264,2.5
69.871120738,-6.5275455,2.5716043,2.5
69.969207124,-6.5811753,2.5250382,2.5
70.087313644,-6.6438613,2.4660697,2.5
70.218573173,-6.711085,2.3969016,2.5
70.332803885,-6.7674694,2.3336802,2.5
70.513664496,-6.8526735,2.228009,2.5
70.619485374,-6.9001904,2.1631203,2.5
70.732768514,-6.949129,2.0912447,2.5
70.865605512,-7.0039654,2.0038817,2.5
70.97335319,-7.0463967,1.930686,2.5
71.072540047,-7.083833,1.8615149,2.5
71.173066849,-7.1201763,1.7897269,2.5
71.270774197,-7.153948,1.7183943,2.5
71.367500336,-7.1858664,1.646322,2.5
71.484796501,-7.222541,1.5570757,2.5
71.58521834,-7.2521667,1.4791231,2.5
71.700158935,-7.284053,1.3882655,2.5
71.823426459,-7.315843,1.2889929,2.5
71.934424087,-7.3423305,1.1980853,2.5
72.051231641,-7.368005,1.1009912,2.5
72.172777868,-7.392319,0.9985265,2.5
72.271050702,-7.4101834,0.91469646,2.5
72.374748206,-7.4272866,0.82538545,2.5
72.496119311,-7.4450216,0.7198433,2.5
72.621381051,-7.460738,0.60991865,2.5
72.733691404,-7.4725895,0.5106279,2.5
72.843203965,-7.482105,0.4132458,2.5
73.021894288,-7.4932947,0.253432,2.5
73.156583955,-7.498171,0.13247551,2.5
73.27370647,-7.4999237,0.027106702,2.5
73.39465949,-7.499304,-0.08173901,2.5
73.519122258,-7.4960895,-0.1936292,2.5
73.628473107,-7.491109,-0.2917214,2.5
73.737618479,-7.484128,-0.3893124,2.5
73.863167006,-7.4736176,-0.50104755,2.5
73.954976572,-7.4642534,-0.5823186,2.5
74.073206704,-7.45011,-0.68630826,2.5
74.196485578,-7.4328666,-0.793828,2.5
74.295287615,-7.4172125,-0.87921786,2.5
74.400424251,-7.398766,-0.96923065,2.5
74.531695877,-7.373151,-1.0802577,2.5
74.638332613,-7.350236,-1.1692326,2.5
74.750945181,-7.3239975,-1.2618823,2.5
74.872728178,-7.293272,-1.360451,2.5
74.982281712,-7.26355,-1.447581,2.5
75.092133807,-7.2317786,-1.5333738,2.5
75.195918212,-7.19996,-1.6128964,2.5
75.316272538,-7.160875,-1.7031573,2.5
75.431774303,-7.121168,-1.7876984,2.5
75.536981405,-7.083144,-1.8628311,2.5
75.647791503,-7.0411854,-1.9399612,2.5
75.748453617,-7.001383,-2.008172,2.5
75.852269028,-6.958661,-2.076601,2.5
75.946971228,-6.9182196,-2.1372657,2.5
76.06336334,-6.866602,-2.2094588,2.5
76.182914574,-6.811405,-2.2808068,2.5
76.304701037,-6.752926,-2.3504696,2.5
76.424241155,-6.6933317,-2.4157984,2.5
76.522476484,-6.642748,-2.4671621,2.5
76.624156509,-6.58887,-2.5180702,2.5
76.728489314,-6.531991,-2.5678732,2.5
76.826649922,-6.4770207,-2.6124306,2.5
76.933794327,-6.4154162,-2.6584787,2.5
77.03425925,-6.3561482,-2.6991613,2.5
77.136650657,-6.2942553,-2.7381036,2.5
77.256975338,-6.2196245,-2.7805629,2.5
77.357258642,-6.1558733,-2.8131845,2.5
77.450767075,-6.0951796,-2.8413067,2.5
77.555092727,-6.0260477,-2.8700435,2.5
77.669311327,-5.948668,-2.8982809,2.5
77.785580036,-5.868104,-2.9235308,2.5
77.920077437,-5.772694,-2.9482985,2.5
78.037202384,-5.6876826,-2.9659612,2.5
78.136407717,-5.61431,-2.978057,2.5
78.25038899,-5.5284696,-2.9886985,2.5
78.428705962,-5.390947,-2.9983335,2.5
78.535051244,-5.3070874,-2.999997,2.5
78.644298582,-5.2195306,-2.998526,2.5
78.763908398,-5.122072,-2.9932232,2.5
78.873443531,-5.0313735,-2.984986,2.5
78.982181346,-4.939989,-2.973621,2.5
79.100833294,-4.8387756,-2.9576106,2.5
79.207319643,-4.746627,-2.9400492,2.5
79.319465148,-4.6482778,-2.9183123,2.5
79.420670318,-4.558394,-2.8958602,2.5
79.528003431,-4.4619265,-2.869134,2.5
79.628278817,-4.370744,-2.8414736,2.5
79.729004664,-4.278168,-2.8111038,2.5
79.846863446,-4.1685987,-2.772309,2.5
79.953359595,-4.06847,-2.734272,2.5
80.05156179,-3.9752274,-2.6967266,2.5
80.168855192,-3.8627207,-2.6488144,2.5
80.27216956,-3.7626324,-2.6038945,2.5
80.407719215,-3.6299438,-2.5411701,2.5
80.515327333,-3.523542,-2.4883814,2.5
80.619818859,-3.4193418,-2.434639,2.5
80.734229875,-3.3042886,-2.3730538,2.5
80.828532584,-3.2087252,-2.3201888,2.5
80.940381713,-3.0945418,-2.2550788,2.5
81.04853581,-2.9833074,-2.1897078,2.5
81.161450365,-2.8663375,-2.119,2.5
81.25586426,-2.767901,-2.0580077,2.5
81.384649225,-2.632738,-1.97216,2.5
81.484147189,-2.5276346,-1.9038109,2.5
81.579281059,-2.4266112,-1.8368704,2.5
81.706007676,-2.2912843,-1.7453917,2.5
81.809446482,-2.1802118,-1.6688488,2.5
81.920196914,-2.0607061,-1.5851159,2.5
82.041593561,-1.9290503,-1.49132,2.5
82.150225356,-1.8107092,-1.4057169,2.5
82.347159625,-1.5949469,-1.2467717,2.5
82.4497152,-1.4820307,-1.1622463,2.5
82.551332731,-1.3697978,-1.0774062,2.5
82.673683656,-1.2342391,-0.9739293,2.5
82.774067806,-1.1227112,-0.88804865,2.5
82.871217534,-1.0145363,-0.804169,2.5
82.967558032,-0.9070475,-0.72031176,2.5
83.083810468,-0.77709174,-0.6183274,2.5
83.184056417,-0.66483355,-0.52977306,2.5
83.301226714,-0.5334492,-0.4256785,2.5
83.397425689,-0.42544618,-0.33980888,2.5
83.497826331,-0.3126309,-0.24988733,2.5
83.604685963,-0.19248731,-0.15393913,2.5
83.705757965,-0.07879565,-0.063033044,2.5
83.807499916,0.03566514,0.02853179,2.5
83.905156067,0.14551942,0.116393626,2.5
84.020190902,0.27487105,0.21974912,2.5
84.122392058,0.3897415,0.31137195,2.5
84.226081456,0.50618315,0.40402317,2.5
84.329606755,0.62231696,0.49613672,2.5
84.426844433,0.7312609,0.5822214,2.5
84.541393581,0.85940737,0.6829972,2.5
84.7172014,1.0555584,0.8360415,2.5
84.834203087,1.1857074,0.93663687,2.5
84.931459742,1.2936141,1.0193812,2.5
85.038066134,1.4115734,1.1090775,2.5
85.149742826,1.5347661,1.2018301,2.5
85.245778701,1.6403631,1.2805183,2.5
85.364677447,1.7706099,1.3764485,2.5
85.469657951,1.8851504,1.4597026,2.5
85.581694964,2.006874,1.5469544,2.5
85.696762079,2.1313026,1.634748,2.5
85.801610218,2.2441242,1.7130482,2.5
85.899135995,2.348574,1.7843637,2.5
86.02451987,2.482112,1.8737937,2.5
86.131116572,2.594952,1.9477437,2.5
86.231965836,2.7010975,2.0158741,2.5
86.361985481,2.8370297,2.1009796,2.5
86.495636978,2.9756389,2.1851327,2.5
86.600671347,3.0837274,2.248806,2.5
86.707011172,3.192384,2.3109982,2.5
86.819658309,3.3065982,2.3743124,2.5
86.940861189,3.428434,2.4394066,2.5
87.046589391,3.53379,2.4935594,2.5
87.187495908,3.6728008,2.5618145,2.5
87.315679455,3.7978551,2.619943,2.5
87.437168149,3.915077,2.6714582,2.5
87.5341139,4.007677,2.71002,2.5
87.640193198,4.108039,2.7495914,2.5
87.740544156,4.2020245,2.7844634,2.5
87.844647887,4.2985168,2.817972,2.5
87.950585087,4.3956294,2.8492484,2.5
88.050929317,4.4865966,2.8762217,2.5
88.165107619,4.5888677,2.903742,2.5
88.284264244,4.694162,2.9288294,2.5
88.422829028,4.814714,2.9532938,2.5
88.52890798,4.9056034,2.968577,2.5
88.646001441,5.004484,2.981955,2.5
88.753279841,5.0937266,2.990983,2.5
88.85891238,5.1803055,2.9968452,2.5
88.968819123,5.26901,2.9997506,2.5
89.095270355,5.369293,2.9990592,2.5
89.23829712,5.480392,2.9930763,2.5
89.368522227,5.579356,2.9828362,2.5
89.48624343,5.666986,2.9696612,2.5
89.594185986,5.74578,2.9543266,2.5
89.701271013,5.8224683,2.936051,2.5
89.822201948,5.907261,2.911771,2.5
89.938576778,5.987018,2.8847895,2.5
90.070716662,6.0753736,2.84989,2.5
90.280301451,6.2106075,2.7853754,2.5
90.38394765,6.275222,2.7493868,2.5
90.494900201,6.342709,2.707917,2.5
90.619099103,6.4161706,2.6579385,2.5
90.742169501,6.486767,2.604776,2.5
90.839520965,6.541046,2.560204,2.5
90.945089098,6.5983315,2.5094016,2.5
91.061212433,6.659429,2.4506187,2.5
91.172528126,6.7161045,2.3914733,2.5
91.271352145,6.7648478,2.3367324,2.5
91.372458231,6.8131814,2.2785983,2.5
91.483556189,6.8644824,2.2123065,2.5
91.597201378,6.9149857,2.1419554,2.5
91.71714102,6.966109,2.0650053,2.5
91.821560649,7.0087843,1.9958277,2.5
91.930625077,7.051518,1.9214895,2.5
92.032945038,7.089893,1.8498778,2.5
92.150189535,7.1318154,1.7656746,2.5
92.264498351,7.17056,1.6814865,2.5
92.368739104,7.2040577,1.6029804,2.5
92.499066243,7.243459,1.5026326,2.5
92.606203324,7.273776,1.4184157,2.5
92.731485212,7.306845,1.3180833,2.5
92.838250221,7.332991,1.231103,2.5
92.964723937,7.361528,1.1264446,2.5
93.084474663,7.3861065,1.0258503,2.5
93.184106444,7.404741,0.94113994,2.5
93.302248925,7.424693,0.83961064,2.5
93.404730485,7.440113,0.7506745,2.5
93.527119557,7.456223,0.6435472,2.5
93.630681276,7.4678926,0.5522147,2.5
93.751419188,7.4792223,0.44507086,2.5
93.853787779,7.4869065,0.35376418,2.5
93.967554036,7.4933753,0.251902,2.5
94.084100533,7.49774,0.14724895,2.5
94.260526176,7.499986,-0.01147861,2.5
94.360083572,7.4989357,-0.10106103,2.5
94.454842422,7.4963827,-0.18624169,2.5
94.580698706,7.49065,-0.2991315,2.5
94.697118742,7.48297,-0.4031878,2.5
94.803646109,7.4739437,-0.49796885,2.5
94.916684684,7.4622784,-0.5979899,2.5
95.00832371,7.451247,-0.6785706,2.5
95.126394221,7.434959,-0.78163344,2.5
95.228810712,7.418941,-0.8702433,2.5
95.334582473,7.400562,-0.9608835,2.5
95.451205069,7.378136,-1.0597105,2.5
95.552783136,7.3567653,-1.1447276,2.5
95.659216773,7.332537,-1.2326791,2.5
95.753133121,7.3096075,-1.3092407,2.5
95.860603035,7.281591,-1.3955685,2.5
95.967958688,7.2517147,-1.4803562,2.5
96.074119033,7.22032,-1.5626954,2.5
96.185089167,7.185548,-1.6470668,2.5
96.29752849,7.148282,-1.7306975,2.5
96.39981021,7.112619,-1.8050594,2.5
96.516215831,7.0699964,-1.8876166,2.5
96.722398511,6.989215,-2.028144,2.5
96.826145622,6.946031,-2.0959566,2.5
96.937276173,6.897913,-2.166336,2.5
97.052290614,6.8460946,-2.2366395,2.5
97.182849508,6.784804,-2.3132138,2.5
97.297888922,6.7286415,-2.3777487,2.5
97.40861566,6.672691,-2.437192,2.5
97.541489093,6.6031227,-2.5049682,2.5
97.650862944,6.5438886,-2.5577762,2.5
97.753070606,6.486943,-2.6046371,2.5
97.855183996,6.428523,-2.6490116,2.5
97.97412192,6.3585873,-2.6975543,2.5
98.098490053,6.283287,-2.7446446,2.5
98.210987196,6.2132883,-2.7839513,2.5
98.332740131,6.1355457,-2.8229141,2.5
98.448224231,6.0599065,-2.8563957,2.5
98.569985122,5.9781923,-2.8879807,2.5
98.681753491,5.901426,-2.9135842,2.5
98.785380035,5.8287745,-2.934395,2.5
98.911048176,5.738777,-2.9558282,2.5
99.02958671,5.652014,-2.9721959,2.5
99.142547248,5.567673,-2.9842958,2.5
99.255023813,5.48211,-2.992939,2.5
99.364594667,5.397247,-2.998083,2.5
99.494080152,5.2950892,-2.9999857,2.5
99.599831572,5.210173,-2.9981816,2.5
99.70019155,5.1283684,-2.9936786,2.5
99.818829481,5.030173,-2.9848564,2.5
99.936794238,4.930955,-2.9723358,2.5
100.03024756,4.8512497,-2.9597723,2.5
100.129820248,4.7652845,-2.943828,2.5
100.253282029,4.657223,-2.9204135,2.5
100.366051477,4.55712,-2.8955245,2.5
100.461012848,4.4718065,-2.871993,2.5
100.575525537,4.3677306,-2.8405209,2.5
100.684562876,4.267432,-2.807437,2.5
100.791824109,4.167651,-2.7719605,2.5
100.883107066,4.0818825,-2.7395062,2.5
100.997199628,3.9736118,-2.6960583,2.5
101.095377721,3.8795166,-2.6561434,2.5
101.195171116,3.783005,-2.6132083,2.5
101.297317944,3.683335,-2.566833,2.5
101.396878588,3.5853572,-2.5193126,2.5
101.488041176,3.4949422,-2.4738286,2.5
101.601473965,3.3815413,-2.41466,2.5
101.705306423,3.2768674,-2.35804,2.5
101.802347867,3.1783254,-2.303057,2.5
101.920480198,3.0574548,-2.2334914,2.5
102.10677599,2.8649142,-2.1181273,2.5
102.222955683,2.7436912,-2.0428066,2.5
102.326438286,2.6350129,-1.9736241,2.5
102.429376792,2.5262854,-1.9029247,2.5
102.545291278,2.403125,-1.8211395,2.5
102.660302652,2.2802052,-1.7378144,2.5
102.763361045,2.1694896,-1.6613934,2.5
102.882303303,2.0410616,-1.5712211,2.5
102.998248945,1.9152412,-1.4813925,2.5
103.122380888,1.7798936,-1.3832362,2.5
103.22864124,1.6635538,-1.2976925,2.5
103.354423995,1.5252776,-1.1947217,2.5
103.466220112,1.4019337,-1.1017789,2.5
103.568883704,1.2883012,-1.015322,2.5
103.70717831,1.1347721,-0.8973664,2.5
103.817791209,1.0116068,-0.80189013,2.5
103.926027745,0.8908336,-0.70762175,2.5
104.024929253,0.78025496,-0.6208168,2.5
104.131153185,0.6613116,-0.5269886,2.5
104.231942348,0.5482996,-0.43746597,2.5
104.382813324,0.37889764,-0.30273107,2.5
104.47333263,0.27715778,-0.22157478,2.5
104.601211884,0.13334733,-0.106661014,2.5
104.718712144,0.0011679529,-0.00093436235,2.5
104.837167967,-0.13208452,0.105651215,2.5
104.98328673,-0.2963942,0.23693013,2.5
105.103773557,-0.4317878,0.34485728,2.5
105.23412837,-0.5781016,0.46110535,2.5
105.340227206,-0.697023,0.55520505,2.5
105.46185726,-0.8331499,0.66239464,2.5
105.605172364,-0.99317294,0.7875411,2.5
105.717703447,-1.1185108,0.8848019,2.5
105.839125263,-1.2533898,0.9886105,2.5
105.943671102,-1.3691864,1.0769418,2.5
106.037478659,-1.472803,1.1553009,2.5
106.246828125,-1.7029725,1.3267927,2.5
106.33894073,-1.8037332,1.4006345,2.5
106.468608514,-1.9449712,1.5027454,2.5
106.568271179,-2.0530374,1.5796959,2.5
106.671776062,-2.1647813,1.6581161,2.5
106.801711717,-2.3043234,1.7542927,2.5
106.917149317,-2.4275525,1.8374995,2.5
107.020622974,-2.5374038,1.9102204,2.5
107.153499499,-2.6775506,2.0008838,2.5
107.249704475,-2.7783682,2.0645561,2.5
107.367734889,-2.9012728,2.1403232,2.5
107.497983507,-3.0358303,2.2208078,2.5
107.622160218,-3.1630437,2.2943888,2.5
107.719262686,-3.2617488,2.3497086,2.5
107.817573752,-3.3609772,2.4036856,2.5
107.927380093,-3.470956,2.461507,2.5
108.035526662,-3.5783467,2.515841,2.5
108.132320048,-3.6736636,2.5622263,2.5
108.265496532,-3.8035364,2.622507,2.5
108.373517474,-3.9077802,2.6683383,2.5
108.482923857,-4.012303,2.7118955,2.5
108.586974221,-4.1107097,2.7506118,2.5
108.78351762,-4.2938285,2.816399,2.5
108.895727124,-4.3967214,2.8495855,2.5
109.018466623,-4.507829,2.8821836,2.5
109.133676888,-4.610744,2.9092307,2.5
109.253043392,-4.715909,2.9335854,2.5
109.356233929,-4.8056064,2.9516096,2.5
109.467566996,-4.901097,2.9678853,2.5
109.561628991,-4.980713,2.9790566,2.5
109.666791472,-5.068539,2.9887362,2.5
109.785225765,-5.1659408,2.9960759,2.5
109.905660838,-5.2633133,2.9996614,2.5
110.009642397,-5.346011,2.9996076,2.5
110.116423023,-5.4295697,2.996515,2.5
110.217483497,-5.507378,2.9907558,2.5
110.329246591,-5.5919447,2.9811864,2.5
110.442698498,-5.676184,2.9680452,2.5
110.559579274,-5.761253,2.9509113,2.5
110.676266102,-5.844417,2.930186,2.5
110.786884179,-5.9215965,2.9072251,2.5
110.884041405,-5.988045,2.884415,2.5
110.994548215,-6.0620775,2.8554926,2.5
111.099074638,-6.130566,2.8252494,2.5
111.202655593,-6.196951,2.7925382,2.5
111.317707032,-6.268933,2.7530456,2.5
111.42752419,-6.3358955,2.7122915,2.5
111.53528927,-6.3999386,2.6694355,2.5
111.655231516,-6.469254,2.6184564,2.5
111.774235996,-6.535956,2.564527,2.5
111.906998126,-6.607911,2.5005088,2.5
112.015964018,-6.665008,2.4450004,2.5
112.118011205,-6.7168727,2.3906393,2.5
112.226396511,-6.7702255,2.3304598,2.5
112.331202516,-6.8201175,2.2699208,2.5
112.428163822,-6.86478,2.2119071,2.5
112.539470487,-6.9142523,2.1430154,2.5
112.64585756,-6.9597416,2.0749276,2.5
112.752475698,-7.00355,2.0045729,2.5
112.868296982,-7.0491066,1.9258306,2.5
112.981689502,-7.091651,1.8464777,2.5
113.09560377,-7.132325,1.7646089,2.5
113.218943319,-7.174011,1.6736577,2.5
113.32251096,-7.207122,1.5955038,2.5
113.435954305,-7.241395,1.5081298,2.5
113.551600732,-7.2741704,1.4172745,2.5
113.656923251,-7.3021193,1.3330345,2.5
113.771605994,-7.330481,1.2397883,2.5
113.87708341,-7.354649,1.1527388,2.5
113.985090778,-7.3774886,1.0624058,2.5
114.17156172,-7.4123583,0.9038851,2.5
114.273741709,-7.4290094,0.815783,2.5
114.39455499,-7.446445,0.7106371,2.5
114.504964101,-7.4602404,0.613724,2.5
114.604421251,-7.470916,0.5258413,2.5
114.725135742,-7.4816384,0.41856307,2.5
114.835354423,-7.489287,0.32012498,2.5
114.937636014,-7.4945536,0.228458,2.5
115.040625518,-7.4980736,0.13594712,2.5
115.150388572,-7.499856,0.0371959,2.5
115.26802002,-7.4995093,-0.06865501,2.5
115.383097234,-7.49691,-0.17213544,2.5
115.506884908,-7.491621,-0.28321588,2.5
115.623349338,-7.4842863,-0.3873815,2.5
115.747695224,-7.4739337,-0.4980611,2.5
115.849746544,-7.463496,-0.5883779,2.5
115.95396578,-7.451031,-0.68004954,2.5
116.060853044,-7.436355,-0.7733787,2.5
116.182429311,-7.41734,-0.8785596,2.5
116.28428383,-7.399507,-0.965795,2.5
116.404435589,-7.3762536,-1.0675238,2.5
116.506974366,-7.354513,-1.15325,2.5
116.61498368,-7.3297324,-1.2423657,2.5
116.719041105,-7.3040395,-1.3269862,2.5
116.823514678,-7.276449,-1.410657,2.5
116.921702823,-7.2488956,-1.4880159,2.5
117.026815634,-7.217651,-1.5694127,2.5
117.133150717,-7.1842213,-1.6501567,2.5
117.236759952,-7.1498857,-1.7272294,2.5
117.346955065,-7.1114807,-1.8073499,2.5
117.452175208,-7.072986,-1.8820312,2.5
117.551041442,-7.035221,-1.9504755,2.5
117.661761816,-6.9910827,-2.0251033,2.5
117.786484186,-6.9390597,-2.1064787,2.5
117.906575975,-6.8866673,-2.1820567,2.5
118.097404221,-6.7988315,-2.2962778,2.5
118.201578847,-6.748523,-2.3554842,2.5
118.324668387,-6.6869607,-2.4224672,2.5
118.423449879,-6.635909,-2.4738355,2.5
118.520848337,-6.58414,-2.5223625,2.5
118.628520569,-6.525275,-2.5735004,2.5
118.739183842,-6.463004,-2.6232588,2.5
118.863553707,-6.390894,-2.6757278,2.5
118.997106573,-6.3109856,-2.727921,2.5
119.10461877,-6.2448173,-2.7667596,2.5
119.205233777,-6.1814275,-2.8004978,2.5
119.317187539,-6.109228,-2.835044,2.5
119.42667647,-6.0369616,-2.8657322,2.5
119.548432077,-5.9546757,-2.8962317,2.5
119.645666998,-5.8875375,-2.9178138,2.5
119.755764101,-5.810012,-2.9392517,2.5
119.886852567,-5.715639,-2.9605947,2.5
119.990216125,-5.6396623,-2.9741976,2.5
120.084505651,-5.569176,-2.984112,2.5
120.192416216,-5.487143,-2.9925282,2.5
120.297740202,-5.4056854,-2.9977193,2.5
120.405695407,-5.3207927,-2.9999347,2.5
120.585822479,-5.1760497,-2.996626,2.5
120.694761981,-5.0866647,-2.9903774,2.5
120.803585616,-4.9960275,-2.9809475,2.5
120.90493645,-4.910409,-2.9693065,2.5
121.002767705,-4.8267,-2.9554684,2.5
121.117805533,-4.7269306,-2.9359393,2.5
121.219181246,-4.637837,-2.915829,2.5
121.32642553,-4.542425,-2.8916209,2.5
121.452025011,-4.4291964,-2.8594682,2.5
121.552586708,-4.337393,-2.8307931,2.5
121.651697183,-4.2459593,-2.8000145,2.5
121.754080566,-4.150513,-2.765618,2.5
121.853900796,-4.0565195,-2.7295723,2.5
121.967520933,-3.9484165,-2.685563,2.5
122.08758878,-3.8329463,-2.6356728,2.5
122.196335137,-3.7272863,-2.5875325,2.5
122.292879283,-3.632643,-2.5424812,2.5
122.420498438,-3.5063832,-2.4796684,2.5
122.51798994,-3.4090588,-2.4292293,2.5
122.616003659,-3.3104792,-2.3764255,2.5
122.717085474,-3.208055,-2.3198125,2.5
122.8247159,-3.0981987,-2.257196,2.5
122.939239168,-2.9804084,-2.1879792,2.5
123.034098997,-2.8821952,-2.1287003,2.5
123.14002776,-2.7718112,-2.0604558,2.5
123.248093137,-2.6584806,-1.9886917,2.5
123.367428684,-2.532525,-1.9070209,2.5
123.475148773,-2.4181385,-1.8312024,2.5
123.571142953,-2.3156552,-1.7620134,2.5
123.674231319,-2.2050774,-1.6860943,2.5
123.784361576,-2.0863612,-1.6032076,2.5
123.889822839,-1.9721415,-1.5221918,2.5
123.992617063,-1.8603524,-1.4417701,2.5
124.103475716,-1.7392722,-1.3534863,2.5
124.200741349,-1.6326542,-1.2748005,2.5
124.316464377,-1.5053458,-1.1797698,2.5
124.434674572,-1.3748277,-1.0812252,2.5
124.538116233,-1.2602807,-0.99388826,2.5
124.63880806,-1.1484698,-0.90794003,2.5
124.737586155,-1.0385362,-0.8228251,2.5
124.842649114,-0.9213476,-0.73149526,2.5
124.942744452,-0.8095053,-0.64382094,2.5
125.052711974,-0.68639857,-0.5468143,2.5
125.163485745,-0.5622207,-0.448511,2.5
125.255174428,-0.45930678,-0.36675572,2.5
125.38436854,-0.31416243,-0.25110936,2.5
125.510138104,-0.17274724,-0.13816112,2.5
125.622733491,-0.04609043,-0.03687165,2.5
125.816650807,0.17204718,0.13760152,2.5
125.91949839,0.28769144,0.22998378,2.5
126.028588946,0.410295,0.32774445,2.5
126.135632,0.53047705,0.4233188,2.5
126.236995443,0.64415187,0.5134173,2.5
126.339318583,0.7587736,0.6039044,2.5
126.467317423,0.90188146,0.7162696,2.5
126.577012257,1.0242686,0.8117374,2.5
126.69623482,1.1569657,0.91449344,2.5
126.818236049,1.292365,1.0184268,2.5
126.920809564,1.4058807,1.104768,2.5
127.025989876,1.5219352,1.1922164,2.5
127.150674507,1.6590044,1.2943265,2.5
127.254633856,1.7728596,1.3780938,2.5
127.372076229,1.9009556,1.4711049,2.5
127.485014131,2.0235858,1.55883,2.5
127.585136235,2.1318147,1.6351063,2.5
127.697049425,2.252215,1.7186134,2.5
127.816156324,2.3796604,1.805361,2.5
127.942740482,2.5142722,1.8950254,2.5
128.058362496,2.6364377,1.974541,2.5
128.169114606,2.752714,2.048481,2.5
128.29968064,2.888811,2.1327367,2.5
128.402914891,2.9956293,2.1970406,2.5
128.530172808,3.1263254,2.2734096,2.5
128.65874324,3.2572095,2.3471997,2.5
128.784705611,3.3842657,2.4161084,2.5
128.888867989,3.4884398,2.4704986,2.5
128.997465104,3.5961187,2.5246234,2.5
129.091729488,3.6888275,2.569441,2.5
129.200679438,3.7950463,2.6186726,2.5
129.298155386,3.8892128,2.6603467,2.5
129.40346091,3.9900122,2.7028131,2.5
129.505634186,4.086878,2.7414448,2.5
129.616528701,4.1909137,2.780454,2.5
129.801805442,4.362134,2.8387446,2.5
129.905040767,4.456085,2.867431,2.5
130.012554629,4.5527887,2.8943806,2.5
130.124098541,4.651866,2.919158,2.5
130.236127131,4.750061,2.9407532,2.5
130.33291136,4.833825,2.956738,2.5
130.433116833,4.9194646,2.9706597,2.5
130.54854597,5.0167446,2.9833698,2.5
130.660777218,5.1098833,2.9922976,2.5
130.768015656,5.1975317,2.99766,2.5
130.869914806,5.2795706,2.9998803,2.5
130.967562967,5.357012,2.9993782,2.5
131.083164492,5.447229,2.9954565,2.5
131.197693942,5.5349874,2.988019,2.5
131.318244139,5.6255894,2.976381,2.5
131.417943372,5.699138,2.9638135,2.5
131.521781794,5.7743807,2.947907,2.5
131.62787286,5.8498073,2.9287014,2.5
131.729135589,5.9204345,2.9075983,2.5
131.82639156,5.9869566,2.8848119,2.5
131.930170486,6.0565615,2.8577797,2.5
132.026954463,6.1201296,2.830083,2.5
132.213790179,6.239211,2.769877,2.5
132.32806623,6.3096333,2.7287536,2.5
132.428827483,6.370196,2.6898272,2.5
132.550421842,6.441323,2.6395965,2.5
132.69551037,6.5234065,2.5750573,2.5
132.795547914,6.578199,2.5277135,2.5
132.901034442,6.634375,2.4753232,2.5
133.019377891,6.69542,2.4136,2.5
133.123713861,6.7474933,2.3566527,2.5
133.235120215,6.801264,2.2933068,2.5
133.35498198,6.856995,2.2222943,2.5
133.46565211,6.9064837,2.1541755,2.5
133.573704967,6.95297,2.08537,2.5
133.685989444,6.999338,2.0115561,2.5
133.801726333,7.045056,1.9330806,2.5
133.904528878,7.083885,1.8614162,2.5
134.007847902,7.1212096,1.7876136,2.5
134.130823938,7.16341,1.6975265,2.5
134.232980917,7.196611,1.620934,2.5
134.36326766,7.2365003,1.521054,2.5
134.468574859,7.266724,1.4386144,2.5
134.579825694,7.296679,1.3499786,2.5
134.683664177,7.322812,1.2658708,2.5
134.79780988,7.349483,1.1720175,2.5
134.919432497,7.3755336,1.070496,2.5
135.027313728,7.3965855,0.97925115,2.5
135.148778589,7.4179697,0.87529767,2.5
135.272393542,7.437208,0.76829064,2.5
135.381277485,7.452031,0.67318106,2.5
135.484417473,7.4642425,0.5824061,2.5
135.601885508,7.475971,0.47836813,2.5
135.703619806,7.4842544,0.38776672,2.5
135.815795369,7.491368,0.2874532,2.5
135.91909542,7.4960423,0.19478598,2.5
136.038359485,7.499201,0.08757651,2.5
136.152033363,7.4999776,-0.014721167,2.5
136.253523422,7.4988284,-0.10604587,2.5
136.370878854,7.4953327,-0.21150985,2.5
136.472351402,7.490438,-0.3024944,2.5
136.574667942,7.4837456,-0.39394742,2.5
136.667715224,7.47613,-0.47679454,2.5
136.765094988,7.4665985,-0.56311494,2.5
136.871955242,7.4543076,-0.6572649,2.5
136.984729328,7.4392567,-0.7559128,2.5
137.116567417,7.4189653,-0.87011564,2.5
137.225690609,7.3999743,-0.9636242,2.5
137.325376919,7.380892,-1.0481477,2.5
137.428473038,7.3594246,-1.1345632,2.5
137.625708439,7.313451,-1.2968073,2.5
137.740869378,7.283641,-1.3894899,2.5
137.830783395,7.2588625,-1.4606841,2.5
137.941328673,7.2265825,-1.5467699,2.5
138.048050241,7.193536,-1.6282623,2.5
138.163329137,7.1557674,-1.7144119,2.5
138.282683134,7.1144123,-1.8014407,2.5
138.381155566,7.078575,-1.871511,2.5
138.503012828,7.0320897,-1.9559536,2.5
138.59704719,6.994606,-2.0193439,2.5
138.697472123,6.953041,-2.0852606,2.5
138.798531529,6.9096212,-2.1496842,2.5
138.901800018,6.863621,-2.213461,2.5
139.021629668,6.808165,-2.28482,2.5
139.127828594,6.757189,-2.3455834,2.5
139.227984248,6.707542,-2.4007103,2.5
139.34863253,6.645717,-2.464245,2.5
139.458785694,6.587373,-2.519432,2.5
139.565739479,6.529012,-2.570376,2.5
139.671964177,6.4693694,-2.6183674,2.5
139.773229634,6.410996,-2.6616325,2.5
139.883426809,6.3457885,-2.7059257,2.5
139.993776141,6.278746,-2.7473214,2.5
140.108028266,6.2075276,-2.7870042,2.5
140.215536886,6.1388526,-2.821353,2.5
140.331893417,6.0627093,-2.8552296,2.5
140.428263823,5.998253,-2.880651,2.5
140.542371847,5.920323,-2.9076343,2.5
140.663362253,5.835791,-2.9325252,2.5
140.786206001,5.7479963,-2.9538457,2.5
140.919667124,5.650402,-2.9724617,2.5
141.032731811,5.565949,-2.9845054,2.5
141.160198936,5.4688263,-2.9939651,2.5
141.274672312,5.379891,-2.9987302,2.5
141.38410263,5.2933936,-2.999979,2.5
141.560671492,5.1508417,-2.995179,2.5
141.677084029,5.054868,-2.9874165,2.5
141.796357959,4.9549274,-2.9756832,2.5
141.909879806,4.858339,-2.9609776,2.5
142.022464029,4.7611704,-2.9430046,2.5
142.128014457,4.6688156,-2.9231,2.5
142.243995079,4.566013,-2.8978562,2.5
142.347039139,4.4734907,-2.8724775,2.5
142.455696553,4.3747883,-2.8427486,2.5
142.558505841,4.280341,-2.8118424,2.5
142.663880066,4.182466,-2.777385,2.5
142.7854179,4.0682836,-2.7341988,2.5
142.89702465,3.9622397,-2.691339,2.5
142.997717555,3.8656077,-2.6500785,2.5
143.106465781,3.7602625,-2.6028054,2.5
143.202314686,3.6665645,-2.558833,2.5
143.311336006,3.559083,-2.5062537,2.5
143.418937478,3.452085,-2.4517393,2.5
143.552147557,3.3183496,-2.380703,2.5
143.658666647,3.210477,-2.3211713,2.5
143.768869212,3.0979817,-2.25707,2.5
143.874258186,2.9896383,-2.1934783,2.5
144.056931652,2.8000658,-2.0780828,2.5
144.18468697,2.666215,-1.9936421,2.5
144.288373865,2.5568724,-1.9229596,2.5
144.41509771,2.4223943,-1.8340505,2.5
144.521087077,2.3092504,-1.7576512,2.5
144.628965498,2.1934843,-1.6780618,2.5
144.73411779,2.0800993,-1.5987976,2.5
144.827554223,1.9788942,-1.5270145,2.5
144.92772704,1.8699727,-1.4487332,2.5
145.026827655,1.7618111,-1.3700091,2.5
145.125699211,1.6534973,-1.29025,2.5
145.235830182,1.5324433,-1.2000906,2.5
145.340574257,1.4168994,-1.1131077,2.5
145.449623178,1.2962297,-1.0213788,2.5
145.55924115,1.1746196,-0.9280995,2.5
145.65292316,1.0704077,-0.8475599,2.5
145.772038336,0.9376054,-0.7441999,2.5
145.880648704,0.81626487,-0.6491329,2.5
146.017325026,0.66325176,-0.52852255,2.5
146.1293999,0.5375726,-0.428952,2.5
146.241092613,0.41217014,-0.32923782,2.5
146.348544661,0.29142627,-0.23296496,2.5
146.45723597,0.1692052,-0.13532971,2.5
146.583007421,0.0277276,-0.022181928,2.5
146.696336514,-0.09977088,0.07980964,2.5
146.805933274,-0.22303672,0.17835046,2.5
146.941434262,-0.37534806,0.29990214,2.5
147.062240103,-0.51102155,0.40786716,2.5
147.181441797,-0.6447173,0.51386464,2.5
147.286940179,-0.7628818,0.60714,2.5
147.397566638,-0.8865801,0.7042911,2.5
147.520314016,-1.0235411,0.8111719,2.5
147.631274748,-1.1470523,0.9068461,2.5
147.763638274,-1.2939808,1.0196612,2.5
147.8830317,-1.4260628,1.1200373,2.5
148.00675522,-1.5624729,1.2225521,2.5
148.118282743,-1.6849518,1.3135037,2.5
148.22434644,-1.8010164,1.398654,2.5
148.329075637,-1.915145,1.4813234,2.5
148.425429749,-2.0197518,1.5561078,2.5
148.541270707,-2.1449594,1.6442938,2.5
148.638876987,-2.2499318,1.7170436,2.5
148.753755017,-2.3728855,1.800794,2.5
148.873075408,-2.4998422,1.8855138,2.5
148.974203584,-2.6067998,1.9554186,2.5
149.08276917,-2.720971,2.02847,2.5
149.194108425,-2.837308,2.1011512,2.5
149.297732423,-2.9448829,2.1666975,2.5
149.485990345,-3.138461,2.280367,2.5
149.597382415,-3.251831,2.3442223,2.5
149.70145611,-3.35694,2.4015222,2.5
149.792069158,-3.447784,2.4495041,2.5
149.926797877,-3.581682,2.5174937,2.5
150.028696191,-3.6819835,2.5661905,2.5
150.1245156,-3.7754931,2.6097841,2.5
150.24074944,-3.8879125,2.659784,2.5
150.353030969,-3.995373,2.7050076,2.5
150.472826997,-4.1087756,2.7498727,2.5
150.567663325,-4.19761,2.782874,2.5
150.67093419,-4.293375,2.8162467,2.5
150.768424217,-4.382841,2.845274,2.5
150.882516778,-4.486367,2.8761566,2.5
151.000020707,-4.5915885,2.9044325,2.5
151.120406249,-4.697926,2.9296632,2.5
151.238390886,-4.800644,2.9506807,2.5
151.348707819,-4.895337,2.9669914,2.5
151.464647248,-4.99341,2.9806302,2.5
151.570220315,-5.081403,2.9899137,2.5
151.670188885,-5.163538,2.9959393,2.5
151.801951049,-5.270038,2.9997654,2.5
151.921965559,-5.365242,2.9991717,2.5
152.061341684,-5.473624,2.993604,2.5
152.162811741,-5.5510283,2.9862578,2.5
152.284712864,-5.6423182,2.973774,2.5
152.386923231,-5.717396,2.9602432,2.5
152.516135054,-5.8103986,2.9391537,2.5
152.619985443,-5.8835626,2.919002,2.5
152.722555659,-5.954421,2.896319,2.5
152.830624245,-6.027566,2.8694484,2.5
152.927392362,-6.091709,2.8428314,2.5
153.036323284,-6.162374,2.8100057,2.5
153.144393895,-6.2308683,2.7744675,2.5
153.25178186,-6.297298,2.7362704,2.5
153.440485986,-6.4100704,2.66229,2.5
153.559246598,-6.4784074,2.6113477,2.5
153.695675609,-6.5543776,2.5487363,2.5
153.807120468,-6.614398,2.4944196,2.5
153.927936919,-6.6773844,2.4323812,2.5
154.039973573,-6.7338305,2.3719974,2.5
154.167890695,-6.7959523,2.2997813,2.5
154.273714995,-6.845452,2.2374778,2.5
154.383394029,-6.894933,2.170527,2.5
154.501515471,-6.946142,2.0957885,2.5
154.602025985,-6.987995,2.0301242,2.5
154.701856002,-7.0279994,1.9630647,2.5
154.804430336,-7.067453,1.8923442,2.5
154.918217205,-7.109263,1.8117976,2.5
155.023985015,-7.146277,1.7350177,2.5
155.11905957,-7.1780095,1.6645157,2.5
155.220924957,-7.210388,1.5874777,2.5
155.330097618,-7.243218,1.5032762,2.5
155.431918088,-7.272091,1.4232788,2.5
155.533704258,-7.2992573,1.341984,2.5
155.646740091,-7.32743,1.2502488,2.5
155.752568307,-7.351896,1.1630603,2.5
155.932341018,-7.3892145,1.0122881,2.5
156.025887298,-7.406509,0.9326436,2.5
156.123328956,-7.42297,0.84891737,2.5
156.232039962,-7.439466,0.7546347,2.5
156.334337942,-7.453182,0.66518605,2.5
156.429917424,-7.464412,0.58104014,2.5
156.538762243,-7.47533,0.48465222,2.5
156.657517798,-7.4849715,0.3788832,2.5
156.774419819,-7.4921417,0.2743085,2.5
156.874001572,-7.496433,0.1849447,2.5
156.973931742,-7.499058,0.095107,2.5
157.083597429,-7.4999986,-0.0035823577,2.5
157.185066775,-7.4990616,-0.094890386,2.5
157.294457842,-7.496106,-0.19321448,2.5
157.421822205,-7.4901214,-0.30744305,2.5
157.523552829,-7.483378,-0.39835644,2.5
157.621452602,-7.475243,-0.48549998,2.5
157.74949843,-7.46217,-0.5988367,2.5
157.856090655,-7.4491873,-0.69251966,2.5
157.97271907,-7.432803,-0.7941942,2.5
158.095176397,-7.413151,-0.8999092,2.5
158.194113019,-7.3954453,-0.98444605,2.5
158.303729611,-7.3739257,-1.0770934,2.5
158.40641675,-7.3519583,-1.1628289,2.5
158.511505792,-7.3276734,-1.2494172,2.5
158.6295937,-7.29821,-1.3452384,2.5
158.724549307,-7.272856,-1.4210727,2.5
158.826983257,-7.243856,-1.5015732,2.5
158.948764223,-7.207147,-1.595443,2.5
159.039230498,-7.178324,-1.6637928,2.5
159.137588755,-7.1454816,-1.7367264,2.5
159.257582332,-7.103317,-1.8236337,2.5
159.359324593,-7.0657563,-1.8954867,2.5
159.49483195,-7.0131845,-1.9884179,2.5
159.590471959,-6.9743285,-2.0520482,2.5
159.702730918,-6.926896,-2.1245677,2.5
159.836477629,-6.8678203,-2.2078183,2.5
159.932270821,-6.8238044,-2.2652733,2.5
160.037675321,-6.77375,-2.3263228,2.5
160.137900835,-6.7245827,-2.3822184,2.5
160.250131953,-6.667717,-2.442257,2.5
160.351937528,-6.6144986,-2.4943247,2.5
160.456917822,-6.55801,-2.5455747,2.5
160.552335857,-6.505263,-2.5899618,2.5
160.651504138,-6.449023,-2.6338508,2.5
160.76559038,-6.38256,-2.6814554,2.5
160.874095499,-6.3176064,-2.723822,2.5
160.983004732,-6.250742,-2.763436,2.5
161.172006594,-6.130741,-2.8251677,2.5
161.273071821,-6.064547,-2.8544617,2.5
161.371438117,-5.99878,-2.880455,2.5
161.473686003,-5.9290447,-2.9048114,2.5
161.585766507,-5.850976,-2.9283774,2.5
161.684820258,-5.7806253,-2.946443,2.5
161.805603317,-5.6931043,-2.9649534,2.5
161.917743257,-5.610175,-2.9786549,2.5
162.0291489,-5.5262194,-2.9889283,2.5
162.14987993,-5.433479,-2.996293,2.5
162.254946094,-5.3513384,-2.9995031,2.5
162.364781519,-5.2640495,-2.9996736,2.5
162.474089993,-5.175746,-2.9966102,2.5
162.577356292,-5.091043,-2.990755,2.5
162.684293233,-5.0020595,-2.9816687,2.5
162.797752314,-4.9062414,-2.9686742,2.5
162.902272269,-4.816704,-2.953658,2.5
163.017689972,-4.7164574,-2.9337034,2.5
163.11854237,-4.627697,-2.9133854,2.5
163.220108605,-4.5372515,-2.8902316,2.5
163.317117469,-4.449865,-2.8656068,2.5
163.452130808,-4.326704,-2.8273077,2.5
163.550427999,-4.235903,-2.7964978,2.5
163.67007991,-4.1241527,-2.7557225,2.5
163.772862971,-4.0270886,-2.717857,2.5
163.874178174,-3.9304693,-2.678001,2.5
163.995385668,-3.8136818,-2.6270695,2.5
164.102321614,-3.7096043,-2.5792515,2.5
164.209440782,-3.6043963,-2.528693,2.5
164.318949894,-3.4958787,-2.4743075,2.5
164.421869932,-3.393028,-2.4207578,2.5
164.521815405,-3.2923768,-2.3665473,2.5
164.654990161,-3.1571314,-2.2910252,2.5
164.76185012,-3.0476675,-2.2277596,2.5
164.874939309,-2.9309962,-2.158329,2.5
165.06958144,-2.7282073,-2.0330434,2.5
165.167175731,-2.6256485,-1.9675925,2.5
165.306896293,-2.477845,-1.8709677,2.5
165.403613448,-2.374893,-1.8021479,2.5
165.513305426,-2.2575169,-1.7222568,2.5
165.606996797,-2.1567852,-1.6525447,2.5
165.717648749,-2.0372686,-1.5685341,2.5
165.849923791,-1.8936565,-1.4658419,2.5
165.94962424,-1.7849165,-1.3869057,2.5
166.058452179,-1.6657784,-1.2993379,2.5
166.184501705,-1.5272242,-1.1961806,2.5
166.298165966,-1.4018141,-1.1016883,2.5
166.402186345,-1.2866944,-1.0140941,2.5
166.507157182,-1.1702019,-0.9246961,2.5
166.624049835,-1.0401323,-0.8240649,2.5
166.723831388,-0.9288524,-0.7373612,2.5
166.827652709,-0.8128424,-0.6464436,2.5
166.927937616,-0.700609,-0.5580364,2.5
167.050917809,-0.5627436,-0.4489258,2.5
167.184952963,-0.41227484,-0.32932118,2.5
167.285048338,-0.29979298,-0.23964271,2.5
167.385523303,-0.18681453,-0.14940526,2.5
167.566385288,0.01664208,0.013313632,2.5
167.686854621,0.1521583,0.12170159,2.5
167.785672785,0.26327968,0.21049395,2.5
167.894347147,0.38541546,0.307925,2.5
168.001707761,0.50599307,0.40387213,2.5
168.107038569,0.62414426,0.49758345,2.5
168.234976175,0.7674451,0.6107334,2.5
168.331206355,0.87505424,0.6952623,2.5
168.470880938,1.0309192,0.8169069,2.5
168.582328558,1.1549494,0.9129385,2.5
168.696123086,1.2812645,1.0099435,2.5
168.821928442,1.4204823,1.1158178,2.5
168.950777499,1.5625383,1.2226009,2.5
169.064229191,1.6871356,1.3151155,2.5
169.216574105,1.8536774,1.4369344,2.5
169.321800211,1.9681442,1.5193348,2.5
169.425344011,2.0803063,1.5989432,2.5
169.53524301,2.1988196,1.6817603,2.5
169.648335257,2.320123,1.7650535,2.5
169.76557156,2.4451814,1.849264,2.5
169.86810394,2.5539412,1.9210446,2.5
169.983745198,2.6758804,1.9998178,2.5
170.082865489,2.7797503,2.0654194,2.5
170.207320782,2.9092913,2.145193,2.5
170.33155859,3.0375962,2.2218463,2.5
170.435508531,3.1441462,2.2836182,2.5
170.539230491,3.2496996,2.3430412,2.5
170.663983672,3.3756247,2.41151,2.5
170.771612719,3.483289,2.4678555,2.5
170.87219404,3.5831106,2.5182014,2.5
170.988264014,3.6972733,2.5734396,2.5
171.097980274,3.804153,2.622785,2.5
171.198807513,3.9014783,2.6656342,2.5
171.317630824,4.0150104,2.7129905,2.5
171.417153506,4.1091423,2.750013,2.5
171.547658171,4.2311525,2.794828,2.5
171.672631893,4.3464956,2.8337379,2.5
171.782909425,4.4470057,2.8647647,2.5
171.896529208,4.549279,2.8934493,2.5
172.006584297,4.647088,2.918031,2.5
172.105406408,4.7338395,2.9373949,2.5
172.219449475,4.832648,2.9565294,2.5
172.327834281,4.9252534,2.9715097,2.5
172.439162102,5.019013,2.9836257,2.5
172.561147671,5.1201396,2.9930801,2.5
172.664988464,5.2048836,2.997971,2.5
172.783727867,5.3002205,2.999998,2.5
172.89636831,5.389122,2.9984028,2.5
173.083254956,5.533204,2.9882069,2.5
173.204831259,5.6246176,2.976528,2.5
173.298785918,5.693968,2.9647918,2.5
173.399853715,5.767321,2.949535,2.5
173.501607303,5.839824,2.9314373,2.5
173.605210605,5.9122524,2.910203,2.5
173.715940511,5.9880795,2.8844023,2.5
173.818201114,6.0566487,2.8577437,2.5
173.925826961,6.1272597,2.8267894,2.5
174.0223781,6.1892614,2.7965047,2.5
174.1343766,6.259548,2.7584414,2.5
174.262511883,6.3377852,2.7110822,2.5
174.373489019,6.403665,2.6668193,2.5
174.485571317,6.4683924,2.6191208,2.5
174.60376198,6.534672,2.5656128,2.5
174.708174534,6.5915203,2.5156536,2.5
174.821891235,6.6515827,2.4584477,2.5
174.927907488,6.7058454,2.4025273,2.5
175.050751705,6.766596,2.3346984,2.5
175.167474141,6.822193,2.2673075,2.5
175.271340725,6.869904,2.2050056,2.5
175.387185991,6.921155,2.1329885,2.5
175.497263255,6.967911,2.0621798,2.5
175.597696302,7.00892,1.9955996,2.5
175.717612586,7.0557895,1.9137564,2.5
175.824526663,7.095664,1.8386748,2.5
175.969662809,7.146866,1.7337509,2.5
176.081619303,7.1840506,1.6505544,2.5
176.192610071,7.2189107,1.5662475,2.5
176.297185805,7.2499275,1.4852188,2.5
176.397547495,7.278022,1.4060656,2.5
176.515177742,7.308842,1.3116987,2.5
176.633059002,7.3374467,1.2154896,2.5
176.726061425,7.3583975,1.1385024,2.5
176.870260243,7.388047,1.0174072,2.5
177.051006683,7.4203334,0.86293864,2.5
177.164561556,7.437826,0.7645803,2.5
177.264095248,7.4513855,0.6776262,2.5
177.382657134,7.4653683,0.57327247,2.5
177.502540332,7.477105,0.4670292,2.5
177.621577068,7.486369,0.36092058,2.5
177.725114227,7.492485,0.26826033,2.5
177.83537844,7.4970117,0.16929743,2.5
177.938919395,7.4993954,0.07617854,2.5
178.04882525,7.4999466,-0.02272434,2.5
178.181728688,7.4978895,-0.14228481,2.5
178.282202491,7.4943576,-0.23252451,2.5
178.383388667,7.489079,-0.32320157,2.5
178.483631405,7.4821496,-0.41273063,2.5
178.616553453,7.4703526,-0.53085876,2.5
178.717355707,7.4594235,-0.6199106,2.5
178.831559328,7.444984,-0.7200883,2.5
178.9418984,7.4289575,-0.81607366,2.5
179.04629082,7.411921,-0.90607166,2.5
179.166113165,7.390127,-1.0082659,2.5
179.271220072,7.3690434,-1.0968442,2.5
179.383431711,7.3445125,-1.1902068,2.5
179.589131914,7.294151,-1.3577611,2.5
179.710285414,7.261234,-1.4540756,2.5
179.83029054,7.2262635,-1.547587,2.5
179.930043832,7.195413,-1.6237936,2.5
180.058045219,7.15347,-1.7194358,2.5
180.161184641,7.1177545,-1.7946649,2.5
180.259922544,7.0819654,-1.8650762,2.5
180.364068881,7.0425253,-1.9375844,2.5
180.487522561,6.993561,-2.0210557,2.5
180.623338896,6.936919,-2.1096869,2.5
180.725267966,6.8925176,-2.1739113,2.5
180.835002632,6.8429146,-2.2407813,2.5
180.940998008,6.7932467,-2.303061,2.5
181.040597699,6.744999,-2.359476,2.5
181.139842028,6.6954327,-2.413587,2.5
181.254821867,6.636155,-2.4735956,2.5
181.386004651,6.566117,-2.5384622,2.5
181.496583734,6.5050945,-2.5900986,2.5
181.622893001,6.433211,-2.6455832,2.5
181.737949242,6.3657217,-2.6928208,2.5
181.845427074,6.3009567,-2.7340546,2.5
181.96236281,6.2286406,-2.7756834,2.5
182.082676885,6.152232,-2.814951,2.5
182.217263834,6.0643816,-2.8545308,2.5
182.315708719,5.998568,-2.880534,2.5
182.427922811,5.921944,-2.907113,2.5
182.550920531,5.836031,-2.9324608,2.5
182.659779791,5.758336,-2.9515655,2.5
182.786876516,5.6656766,-2.969888,2.5
182.90290676,5.579292,-2.9828444,2.5
183.022064209,5.4888296,-2.992388,2.5
183.124011096,5.410027,-2.99752,2.5
183.230303122,5.326526,-2.9998846,2.5
183.340901827,5.238212,-2.9991071,2.5
183.463778141,5.1383886,-2.994372,2.5
183.565303033,5.05459,-2.987389,2.5
183.672947644,4.964474,-2.9769597,2.5
183.764941392,4.886437,-2.9655871,2.5
183.868559806,4.797404,-2.95007,2.5
183.99453675,4.6876183,-2.9273694,2.5
184.105829089,4.589227,-2.9038334,2.5
184.206186213,4.499417,-2.8798366,2.5
184.319910947,4.396404,-2.8494875,2.5
184.423045745,4.3018894,-2.8191,2.5
184.53258804,4.200363,-2.783866,2.5
184.650636785,4.0896955,-2.7425356,2.5
184.75665638,3.9891999,-2.7024798,2.5
184.850964693,3.898956,-2.6645498,2.5
185.049491842,3.7064748,-2.5777795,2.5
185.168077216,3.5899024,-2.5215583,2.5
185.274623437,3.4842086,-2.4683278,2.5
185.395163565,3.3635678,-2.4050722,2.5
185.504400867,3.2532783,-2.3450239,2.5
185.607326955,3.1485562,-2.2861369,2.5
185.732273018,3.0204346,-2.2117343,2.5
185.83205839,2.9173403,-2.150072,2.5
185.940008547,2.8051033,-2.0812142,2.5
186.048554156,2.6914768,-2.009758,2.5
186.158864027,2.575283,-1.9349644,2.5
186.281660998,2.4450948,-1.8492064,2.5
186.374022714,2.3466415,-1.783055,2.5
186.469165314,2.2447493,-1.7134783,2.5
186.582952899,2.1222801,-1.6284316,2.5
186.705772139,1.9894154,-1.5345207,2.5
186.80862987,1.8776002,-1.4542483,2.5
186.915352729,1.761111,-1.3694965,2.5
187.028527855,1.6371075,-1.2781042,2.5
187.129045158,1.5265845,-1.1957012,2.5
187.247876441,1.3954523,-1.0968682,2.5
187.352602207,1.2795252,-1.0086136,2.5
187.475808287,1.1427299,-0.90351033,2.5
187.593305845,1.0119233,-0.80213624,2.5
187.706857307,0.885206,-0.70321494,2.5
187.805128383,0.7753366,-0.6169459,2.5
187.909239382,0.65874404,-0.52495855,2.5
188.02747694,0.5261525,-0.41988492,2.5
188.150361559,0.3881669,-0.31011733,2.5
188.260173638,0.26474643,-0.21166514,2.5
188.371642263,0.13939478,-0.11149655,2.5
188.490335849,0.0058645597,-0.0046916464,2.5
188.619794583,-0.13976772,0.11179476,2.5
188.734292719,-0.26853594,0.21469103,2.5
188.837560924,-0.38458216,0.307261,2.5
189.014133291,-0.58281785,0.4648444,2.5
189.120362067,-0.7018824,0.5590416,2.5
189.231322534,-0.8260581,0.65682584,2.5
189.33271936,-0.9393332,0.74554944,2.5
189.437197357,-1.0558326,0.83625424,2.5
189.548174931,-1.179278,0.9316871,2.5
189.662872152,-1.3065385,1.0292485,2.5
189.775008274,-1.4305755,1.1234481,2.5
189.880817445,-1.5472239,1.2111539,2.5
189.98432415,-1.6609857,1.2957926,2.5
190.093112406,-1.7801006,1.3833873,2.5
190.207707591,-1.9050653,1.4740663,2.5
190.327806949,-2.0354297,1.5672308,2.5
190.437006669,-2.1534064,1.6501887,2.5
190.541397379,-2.2656243,1.7278222,2.5
190.659412726,-2.3918257,1.8135492,2.5
190.787824435,-2.5282977,1.9042461,2.5
190.916507129,-2.6640987,1.9922884,2.5
191.028042251,-2.7810214,2.0662134,2.5
191.148324367,-2.906241,2.1433415,2.5
191.282140981,-3.044418,2.2258534,2.5
191.406770302,-3.1720126,2.2994807,2.5
191.594104768,-3.3617148,2.4040804,2.5
191.699693294,-3.467477,2.459711,2.5
191.839686042,-3.606358,2.5296557,2.5
191.956519479,-3.7210293,2.5846093,2.5
192.06703296,-3.8284702,2.633681,2.5
192.172292112,-3.929804,2.6777194,2.5
192.295475617,-4.047167,2.7258713,2.5
192.396116792,-4.142027,2.7624507,2.5
192.5031125,-4.241832,2.7985744,2.5
192.621390187,-4.3508973,2.8351536,2.5
192.719257702,-4.440099,2.862721,2.5
192.829419269,-4.5393744,2.8908026,2.5
192.951383688,-4.647836,2.9182081,2.5
193.058778187,-4.742053,2.9391057,2.5
193.167525795,-4.8361983,2.9571574,2.5
193.29621378,-4.9459515,2.9744534,2.5
193.424516684,-5.053523,2.987283,2.5
193.528582889,-5.1394105,2.9944406,2.5
193.664703063,-5.2498717,2.999397,2.5
193.784528681,-5.3452854,2.999621,2.5
193.90573236,-5.4400454,2.9959044,2.5
194.022467293,-5.5296073,2.9885812,2.5
194.139760076,-5.617891,2.977532,2.5
194.244383008,-5.6951847,2.964563,2.5
194.355716361,-5.775878,2.9475582,2.5
194.467125119,-5.855023,2.9272482,2.5
194.578210854,-5.932306,2.9037433,2.5
194.695398794,-6.0120487,2.8754523,2.5
194.798196456,-6.0804768,2.8477058,2.5
194.91578299,-6.156966,2.8126526,2.5
195.030951126,-6.230019,2.7749314,2.5
195.128366612,-6.2903767,2.740429,2.5
195.233828532,-6.3541903,2.7004476,2.5
195.337048797,-6.4151177,2.6586924,2.5
195.466442508,-6.489317,2.602756,2.5
195.610968609,-6.5693016,2.5356462,2.5
195.720198455,-6.627705,2.4817576,2.5
195.82706891,-6.683129,2.4264503,2.5
195.928531004,-6.734154,2.3716373,2.5
196.028089099,-6.7827106,2.315712,2.5
196.135934226,-6.833603,2.2528002,2.5
196.235352136,-6.878927,2.1927233,2.5
196.334257561,-6.9225025,2.1310184,2.5
196.437915891,-6.9665375,2.0643342,2.5
196.549339146,-7.011989,1.9904361,2.5
196.660117537,-7.0552397,1.9147549,2.5
196.765978282,-7.094754,1.8404496,2.5
196.867216554,-7.130867,1.7676554,2.5
197.065527205,-7.1968284,1.6204138,2.5
197.181239413,-7.2323837,1.5318024,2.5
197.294736272,-7.2651353,1.4431112,2.5
197.397316494,-7.2929306,1.3614941,2.5
197.508785207,-7.321173,1.2713566,2.5
197.621270323,-7.347598,1.1789558,2.5
197.737737663,-7.372754,1.0818726,2.5
197.841095696,-7.393194,0.9946079,2.5
197.961986836,-7.4148498,0.8913199,2.5
198.070425468,-7.432197,0.79768753,2.5
198.185098234,-7.4484053,0.6977364,2.5
198.319448758,-7.464589,0.57961035,2.5
198.440741804,-7.4765973,0.47214192,2.5
198.549204735,-7.4852405,0.37549603,2.5
198.663335349,-7.4921937,0.2733929,2.5
198.767876662,-7.4966373,0.17957202,2.5
198.876029266,-7.4992933,0.08234852,2.5
198.982106817,-7.499982,-0.013119156,2.5
199.083668339,-7.498862,-0.104502015,2.5
199.200139478,-7.4954348,-0.20918116,2.5
199.299712502,-7.490691,-0.2984751,2.5
199.426269921,-7.4822507,-0.41157067,2.5
199.534471211,-7.4728956,-0.50779396,2.5
199.638964001,-7.4619946,-0.6002086,2.5
199.772387852,-7.445409,-0.7173514,2.5
199.870332462,-7.431335,-0.8026259,2.5
199.983258222,-7.413118,-0.9000766,2.5
200.088457679,-7.394234,-0.9899288,2.5
200.197056197,-7.3728094,-1.0816457,2.5
200.313216501,-7.3477254,-1.1784902,2.5
200.416143464,-7.323637,-1.263097,2.5
200.518168519,-7.2980347,-1.3457841,2.5
200.631790625,-7.26751,-1.4363818,2.5
200.732457337,-7.2387066,-1.5152476,2.5
200.839298303,-7.2063293,-1.5974424,2.5
201.018647125,-7.1478186,-1.7316964,2.5
201.138317329,-7.1058955,-1.8185166,2.5
201.240816421,-7.068174,-1.8910067,2.5
201.333270472,-7.032711,-1.9548688,2.5
201.448874258,-6.9864697,-2.0325952,2.5
201.56158215,-6.939355,-2.106036,2.5
201.684937669,-6.8855295,-2.1836321,2.5
201.795833323,-6.8351183,-2.250855,2.5
201.892690683,-6.7895527,-2.3075185,2.5
202.012906684,-6.7309914,-2.3751495,2.5
202.125748064,-6.674037,-2.4358158,2.5
202.244058771,-6.612263,-2.4964294,2.5
202.367923702,-6.545371,-2.5565066,2.5
202.48352449,-6.48089,-2.609404,2.5
202.587495423,-6.421241,-2.6542935,2.5
202.688151427,-6.3619924,-2.6953013,2.5
202.796828171,-6.2964087,-2.7368069,2.5
202.899340945,-6.2330065,-2.7732966,2.5
203.008599789,-6.163806,-2.8093014,2.5
203.122588136,-6.089853,-2.8436432,2.5
203.245411669,-6.008174,-2.8769255,2.5
203.352125704,-5.935545,-2.9026756,2.5
203.539166197,-5.8046017,-2.9406135,2.5
203.632283617,-5.7377005,-2.9560566,2.5
203.742578774,-5.65701,-2.9713633,2.5
203.840786394,-5.5838532,-2.9822562,2.5
203.950403062,-5.500779,-2.9913554,2.5
204.061139537,-5.415338,-2.997264,2.5
204.168581706,-5.3310194,-2.9998353,2.5
204.272633929,-5.2480354,-2.9993553,2.5
204.381077032,-5.160192,-2.995745,2.5
204.498224498,-5.0637493,-2.9882817,2.5
204.6062862,-4.973414,-2.9781258,2.5
204.715826239,-4.880512,-2.9646375,2.5
204.810502435,-4.7991447,-2.9503984,2.5
204.923993977,-4.700341,-2.9301958,2.5
205.036531989,-4.6010227,-2.9068093,2.5
205.181785083,-4.4708953,-2.8717306,2.5
205.290120781,-4.3724527,-2.8420126,2.5
205.385015681,-4.285273,-2.8135142,2.5
205.496607389,-4.181635,-2.7770822,2.5
205.589298805,-4.0946746,-2.7444587,2.5
205.693529458,-3.9959366,-2.705238,2.5
205.81528871,-3.879353,-2.6560724,2.5
205.917518176,-3.7804806,-2.6120589,2.5
206.029008628,-3.67163,-2.5612552,2.5
206.129090051,-3.5730393,-2.5132067,2.5
206.235105498,-3.4677339,-2.4598439,2.5
206.364287537,-3.3382194,-2.3914547,2.5
206.467155016,-3.2342062,-2.3344326,2.5
206.588613984,-3.1103916,-2.2642398,2.5
206.698747384,-2.9972327,-2.1979933,2.5
206.824281473,-2.8672428,-2.1195545,2.5
206.924335136,-2.7629206,-2.0548873,2.5
207.02609901,-2.6561706,-1.9872117,2.5
207.128050368,-2.5486,-1.917552,2.5
207.2250239,-2.4457347,-1.849633,2.5
207.330533577,-2.333218,-1.7739525,2.5
207.432940705,-2.2234507,-1.698797,2.5
207.549272604,-2.0981383,-1.6114917,2.5
207.668971381,-1.9685156,-1.5196005,2.5
207.783134078,-1.8443046,-1.4301378,2.5
207.900659208,-1.7158625,-1.3362832,2.5
208.006228987,-1.600041,-1.2505643,2.5
208.105607182,-1.4906466,-1.1687261,2.5
208.215639372,-1.3691223,-1.0768931,2.5
208.329368652,-1.2431341,-0.9807509,2.5
208.441351584,-1.1187363,-0.88497615,2.5
208.550251413,-0.99745405,-0.79087484,2.5
208.683042297,-0.8491905,-0.6749837,2.5
208.872438134,-0.63718605,-0.50790584,2.5
208.97348511,-0.5238455,-0.4180529,2.5
209.083560972,-0.40024272,-0.3197379,2.5
209.185060063,-0.28618002,-0.22877729,2.5
209.28813898,-0.17027763,-0.13618699,2.5
209.397986196,-0.04671007,-0.037367333,2.5
209.517378777,0.08761266,0.07008535,2.5
209.622587385,0.20594928,0.1646973,2.5
209.747289035,0.34612814,0.27660748,2.5
209.850700078,0.46230137,0.36913782,2.5
209.972007997,0.59844285,0.4772278,2.5
210.08336898,0.7232241,0.5758829,2.5
210.182718853,0.83439887,0.6633752,2.5
210.287058694,0.95093673,0.75460964,2.5
210.40649414,1.0840604,0.8581412,2.5
210.524857611,1.2156365,0.9596495,2.5
210.643869597,1.3475611,1.0605048,2.5
210.752287941,1.4673582,1.1512003,2.5
210.884383042,1.6127903,1.2600479,2.5
211.005031681,1.7450846,1.357751,2.5
211.115659055,1.8658775,1.4457701,2.5
211.233660612,1.9941424,1.53789,2.5
211.34061352,2.1098702,1.6197307,2.5
211.466277712,2.245155,1.7137578,2.5
211.568558456,2.35468,1.7884965,2.5
211.684151048,2.477792,1.8709327,2.5
211.839112002,2.641642,1.9778876,2.5
211.953360318,2.7615433,2.0540233,2.5
212.080522488,2.894034,2.1359189,2.5
212.184475693,3.001578,2.2005727,2.5
212.3135899,3.134108,2.277874,2.5
212.418011987,3.240457,2.3379104,2.5
212.531479724,3.3550978,2.4005344,2.5
212.650420384,3.4742317,2.4631958,2.5
212.767501129,3.5904267,2.5218172,2.5
212.974747828,3.7933521,2.6179056,2.5
213.082551552,3.897474,2.6639118,2.5
213.188069085,3.998399,2.7062435,2.5
213.305323342,4.1093855,2.750106,2.5
213.405071248,4.2027893,2.7847383,2.5
213.54224183,4.3297076,2.8282902,2.5
213.640297104,4.4193172,2.8564923,2.5
213.76406521,4.5310535,2.888557,2.5
213.871447491,4.6267185,2.913148,2.5
213.98512691,4.726694,2.9358892,2.5
214.100603394,4.826851,2.9554954,2.5
214.203244304,4.9146547,2.9699445,2.5
214.314875981,5.0088143,2.982461,2.5
214.418967965,5.0953593,2.9911203,2.5
214.531542557,5.1875677,2.9972034,2.5
214.632891965,5.2693057,2.999755,2.5
214.73239355,5.3483815,2.9995627,2.5
214.826086851,5.4217415,2.9969385,2.5
214.930387779,5.5021443,2.9912329,2.5
215.042476041,5.5870647,2.9818356,2.5
215.16073723,5.6749344,2.9682674,2.5
215.301140876,5.7769423,2.9473093,2.5
215.506219948,5.921319,2.9073143,2.5
215.606684167,5.9900026,2.8836985,2.5
215.706065148,6.0566177,2.8577566,2.5
215.807138729,6.1229944,2.828764,2.5
215.908604936,6.1881895,2.797054,2.5
216.000958847,6.246304,2.7659283,2.5
216.103411346,6.3093524,2.7289262,2.5
216.217231996,6.3776646,2.6847875,2.5
216.329912091,6.443459,2.6380086,2.5
216.437727993,6.5046797,2.5904348,2.5
216.538220886,6.5602236,2.5436406,2.5
216.660185879,6.625626,2.4837513,2.5
216.77250698,6.683886,2.425665,2.5
216.872161214,6.7340007,2.371808,2.5
216.993422544,6.792942,2.3034296,2.5
217.096706735,6.8413725,2.2427833,2.5
217.216711024,6.895586,2.1696105,2.5
217.311658604,6.9369016,2.1097133,2.5
217.418181528,6.981565,2.040499,2.5
217.535909674,7.028858,1.9615756,2.5
217.633756578,7.0665045,1.894102,2.5
217.753404443,7.1104655,1.8093886,2.5
217.849525492,7.144125,1.739636,2.5
217.964108182,7.1822996,1.6546199,2.5
218.060025721,7.2126317,1.5819292,2.5
218.187661311,7.250675,1.4831866,2.5
218.304758332,7.2832365,1.3906927,2.5
218.417970467,7.3125796,1.2996403,2.5
218.561334953,7.3467207,1.1821681,2.5
218.685140097,7.373466,1.0789721,2.5
218.802858539,7.3965397,0.9794601,2.5
218.912376592,7.4159374,0.88577074,2.5
219.004978377,7.4307704,0.80584073,2.5
219.102363029,7.444831,0.72106874,2.5
219.202973481,7.4576855,0.6328624,2.5
219.306410386,7.4691305,0.5415809,2.5
219.403698565,7.4782557,0.45523104,2.5
219.503398113,7.4859533,0.36635798,2.5
219.616299584,7.49265,0.26530418,2.5
219.721950775,7.4969697,0.1704818,2.5
219.827213083,7.499401,0.07583142,2.5
219.94504244,7.499905,-0.03020095,2.5
220.059878646,7.498142,-0.13352038,2.5
220.159726781,7.494801,-0.22321704,2.5
220.283165614,7.488346,-0.33382994,2.5
220.385846083,7.4810205,-0.42550552,2.5
220.5076265,7.4700336,-0.53367823,2.5
220.602316731,7.4597683,-0.6173052,2.5
220.80182763,7.4332113,-0.79183245,2.5
220.900106306,7.417684,-0.8767797,2.5
220.999103013,7.40041,-0.96159387,2.5
221.104456775,7.3802342,-1.0509211,2.5
221.237337487,7.352167,-1.1620483,2.5
221.328600972,7.331192,-1.237336,2.5
221.435803068,7.3047976,-1.3245876,2.5
221.540521532,7.2771997,-1.4084685,2.5
221.652177596,7.245787,-1.4963986,2.5
221.746614364,7.2176375,-1.5694454,2.5
221.844673585,7.1868715,-1.6439714,2.5
221.951524243,7.1515837,-1.7235441,2.5
222.059289666,7.114124,-1.8020235,2.5
222.200701096,7.0621605,-1.9021142,2.5
222.317088599,7.0169992,-1.9819486,2.5
222.419165519,6.975632,-2.049977,2.5
222.528441664,6.929537,-2.1206698,2.5
222.633976469,6.883261,-2.186766,2.5
222.747634238,6.8314767,-2.255522,2.5
222.856239955,6.780142,-2.3187678,2.5
222.971606964,6.723651,-2.3832405,2.5
223.071364855,6.673184,-2.4366884,2.5
223.216307093,6.597178,-2.5104644,2.5
223.330567868,6.5350666,-2.5652792,2.5
223.432196222,6.4782124,-2.6115,2.5
223.529052858,6.422632,-2.6532886,2.5
223.631813928,6.362169,-2.695184,2.5
223.732964969,6.3011713,-2.7339244,2.5
223.864516896,6.2196984,-2.7805228,2.5
223.995273775,6.136298,-2.8225598,2.5
224.116915983,6.0566006,-2.8577638,2.5
224.211190394,5.9934435,-2.8824332,2.5
224.317303568,5.9209137,-2.9074442,2.5
224.423518766,5.8468304,-2.9295235,2.5
224.538510194,5.764936,-2.9500785,2.5
224.71624401,5.634998,-2.9749327,2.5
224.817977316,5.5588226,-2.9853563,2.5
224.921111059,5.480279,-2.9930854,2.5
225.020389317,5.403421,-2.9978204,2.5
225.128306928,5.31851,-2.9999504,2.5
225.259082734,5.2137675,-2.9983182,2.5
225.37136474,5.1222324,-2.9932346,2.5
225.483924041,5.0290103,-2.9847302,2.5
225.594528544,4.9360137,-2.973059,2.5
225.702241592,4.844127,-2.9585443,2.5
225.805801413,4.7546053,-2.9416788,2.5
225.919365819,4.655103,-2.9199178,2.5
226.031514459,4.555546,-2.8951097,2.5
226.140996585,4.4570932,-2.8677254,2.5
226.254339201,4.353898,-2.8361158,2.5
226.383878885,4.234415,-2.7959754,2.5
226.483867448,4.1410913,-2.7621007,2.5
226.584341498,4.046403,-2.725568,2.5
226.683040386,3.9524732,-2.6872628,2.5
226.794503649,3.8453534,-2.6411722,2.5
226.898971929,3.7439785,-2.5952911,2.5
227.012522744,3.6327512,-2.5425334,2.5
227.216683186,3.4301379,-2.4402986,2.5
227.313776542,3.3326373,-2.388441,2.5
227.414099034,3.231177,-2.3327448,2.5
227.519303301,3.1239665,-2.2720547,2.5
227.62629931,3.0141177,-2.2080011,2.5
227.739445562,2.8971338,-2.137806,2.5
227.866335735,2.7649598,-2.0561652,2.5
227.970338457,2.655854,-1.9870087,2.5
228.067822869,2.5530167,-1.9204402,2.5
228.181388378,2.4325366,-1.840829,2.5
228.299650406,2.3062873,-1.7556317,2.5
228.396727859,2.2021327,-1.6840553,2.5
228.517036844,2.0723922,-1.5933645,2.5
228.616274733,1.9648759,-1.5169978,2.5
228.726511713,1.8449192,-1.4305837,2.5
228.836624382,1.7245973,-1.3427072,2.5
228.93722516,1.6142839,-1.2611582,2.5
229.039459382,1.5017811,-1.1770929,2.5
229.148031464,1.3819238,-1.0866103,2.5
229.25655978,1.2617282,-0.99499655,2.5
229.360436907,1.1463726,-0.90632164,2.5
229.470861714,1.023455,-0.8111049,2.5
229.595934698,0.88389426,-0.70218754,2.5
229.698715991,0.7689855,-0.6119462,2.5
229.826793545,0.6255022,-0.49865842,2.5
229.951400698,0.48572788,-0.3877665,2.5
230.069850965,0.3526715,-0.28182513,2.5
230.196735532,0.21003772,-0.16796428,2.5
230.317983884,0.07365043,-0.058917504,2.5
230.42680341,-0.048771217,0.039016146,2.5
230.521893179,-0.15573402,0.12456034,2.5
230.62396552,-0.27052796,0.21628153,2.5
230.739532876,-0.40040112,0.3198641,2.5
230.855295313,-0.5303823,0.42324352,2.5
230.954749748,-0.641905,0.5116397,2.5
231.064486079,-0.76484114,0.60868293,2.5
231.159789747,-0.871403,0.69240105,2.5
231.265723896,-0.9896426,0.78479135,2.5
231.394521748,-1.1330928,0.89606935,2.5
231.500516345,-1.2508231,0.986644,2.5
231.619966605,-1.3831155,1.0875143,2.5
231.720484081,-1.4941105,1.1713299,2.5
231.835433489,-1.6206082,1.2658577,2.5
231.962803367,-1.7601991,1.3688288,2.5
232.083787714,-1.8921996,1.4647908,2.5
232.182627793,-1.9995983,1.541776,2.5
232.303559286,-2.1303794,1.6341021,2.5
232.3943896,-2.228165,1.7020504,2.5
232.576213602,-2.422612,1.8341961,2.5
232.697143346,-2.5509553,1.9190927,2.5
232.804597243,-2.6643171,1.9924282,2.5
232.919356211,-2.784586,2.0684388,2.5
233.026688192,-2.8963518,2.13733,2.5
233.152051549,-3.0259125,2.2149665,2.5
233.283825595,-3.1609685,2.293209,2.5
233.387018213,-3.2658706,2.3519838,2.5
233.484871957,-3.3645961,2.405622,2.5
233.581012235,-3.4608965,2.4563081,2.5
233.673299544,-3.5526733,2.503048,2.5
233.768253042,-3.6463943,2.549137,2.5
233.884334819,-3.7599661,2.6026692,2.5
233.985726928,-3.8582268,2.646843,2.5
234.092636728,-3.9608436,2.6907575,2.5
234.210885056,-4.0731864,2.7361174,2.5
234.319931893,-4.1756487,2.7748957,2.5
234.432224433,-4.2799783,2.811719,2.5
234.553529153,-4.3913307,2.8479173,2.5
234.696414258,-4.520635,2.885717,2.5
234.818079294,-4.62909,2.913723,2.5
234.916818753,-4.7159867,2.9336023,2.5
235.022759717,-4.8080664,2.9520674,2.5
235.139803469,-4.9083695,2.9689977,2.5
235.255913568,-5.0063934,2.9821792,2.5
235.36921914,-5.1005707,2.991552,2.5
235.483086843,-5.193729,2.9974904,2.5
235.577487127,-5.2698216,2.9997623,2.5
235.68346825,-5.354001,2.9994464,2.5
235.798978475,-5.4441934,2.9956489,2.5
235.90235263,-5.5235276,2.9891999,2.5
236.018630863,-5.61117,2.9785118,2.5
236.125704461,-5.6903634,2.965465,2.5
236.229240313,-5.765547,2.9499395,2.5
236.336936161,-5.8422832,2.930769,2.5
236.526269019,-5.973475,2.8896654,2.5
236.62028144,-6.0368376,2.8657815,2.5
236.723472168,-6.104988,2.8369493,2.5
236.821879153,-6.168635,2.806913,2.5
236.926014335,-6.2345023,2.772475,2.5
237.039669081,-6.3046823,2.731787,2.5
237.153084791,-6.3728623,2.688034,2.5
237.253695153,-6.431809,2.6466107,2.5
237.369902711,-6.4980803,2.5957599,2.5
237.48263927,-6.560478,2.543418,2.5
237.601677796,-6.62433,2.4849913,2.5
237.720739205,-6.6860695,2.4233959,2.5
237.832613514,-6.742147,2.3626924,2.5
237.951634062,-6.7997217,2.2951918,2.5
238.047941606,-6.844725,2.2384253,2.5
238.156449487,-6.8937206,2.1722274,2.5
238.27187794,-6.943835,2.0992846,2.5
238.373796873,-6.9863453,2.0327964,2.5
238.497990873,-7.0359516,1.9491935,2.5
238.599177282,-7.0745616,1.8790762,2.5
238.701703415,-7.112014,1.8062773,2.5
238.804418848,-7.1478543,1.7316208,2.5
238.993883722,-7.209504,1.5896555,2.5
239.14566951,-7.2546997,1.4721845,2.5
239.252754733,-7.284323,1.3874604,2.5
239.367565661,-7.31399,1.2950518,2.5
239.481300167,-7.341243,1.2019885,2.5
239.578521252,-7.3628464,1.1213175,2.5
239.695573163,-7.3867803,1.0229279,2.5
239.80375424,-7.4068747,0.9308739,2.5
239.897018059,-7.4226313,0.8507318,2.5
239.999169694,-7.4382243,0.7621785,2.5
